#
# TABLE STRUCTURE FOR: Comment
#


INSERT INTO `Comment` (`commentID`, `ratingID`, `userID`, `timestamp`, `content`) VALUES ('100', '97', '97', '1972-01-07', 'Voluptatum dolore quis quibusdam voluptate repudiandae.');
INSERT INTO `Comment` (`commentID`, `ratingID`, `userID`, `timestamp`, `content`) VALUES ('103', '381', '30', '1990-02-22', 'At quia ut reprehenderit aspernatur.');
INSERT INTO `Comment` (`commentID`, `ratingID`, `userID`, `timestamp`, `content`) VALUES ('111', '171', '160', '2021-09-07', 'Ea vel beatae odio laboriosam dolores.');
INSERT INTO `Comment` (`commentID`, `ratingID`, `userID`, `timestamp`, `content`) VALUES ('115', '101', '10', '2003-04-22', 'Mollitia quidem magnam nobis animi.');
INSERT INTO `Comment` (`commentID`, `ratingID`, `userID`, `timestamp`, `content`) VALUES ('130', '249', '210', '2020-02-20', 'Provident ea recusandae pariatur et id ratione.');
INSERT INTO `Comment` (`commentID`, `ratingID`, `userID`, `timestamp`, `content`) VALUES ('131', '271', '219', '1991-07-03', 'Eaque perspiciatis dolorem sed fugiat itaque unde et.');
INSERT INTO `Comment` (`commentID`, `ratingID`, `userID`, `timestamp`, `content`) VALUES ('138', '53', '51', '1974-11-17', 'Voluptatem odio quia tenetur unde praesentium deserunt.');
INSERT INTO `Comment` (`commentID`, `ratingID`, `userID`, `timestamp`, `content`) VALUES ('141', '269', '217', '1977-07-23', 'Veritatis et qui expedita ipsum et doloribus.');
INSERT INTO `Comment` (`commentID`, `ratingID`, `userID`, `timestamp`, `content`) VALUES ('143', '223', '202', '2000-08-23', 'Quaerat deleniti debitis aut reiciendis sunt ut.');
INSERT INTO `Comment` (`commentID`, `ratingID`, `userID`, `timestamp`, `content`) VALUES ('145', '218', '201', '1979-02-05', 'Nihil praesentium inventore atque repellendus dolore.');
INSERT INTO `Comment` (`commentID`, `ratingID`, `userID`, `timestamp`, `content`) VALUES ('146', '383', '300', '2020-11-22', 'Pariatur sunt dolore excepturi.');
INSERT INTO `Comment` (`commentID`, `ratingID`, `userID`, `timestamp`, `content`) VALUES ('147', '82', '83', '2002-07-19', 'Nam voluptas doloremque et quasi dicta.');
INSERT INTO `Comment` (`commentID`, `ratingID`, `userID`, `timestamp`, `content`) VALUES ('148', '325', '263', '2020-03-13', 'Non suscipit dolorem aperiam error sed occaecati tenetur non.');
INSERT INTO `Comment` (`commentID`, `ratingID`, `userID`, `timestamp`, `content`) VALUES ('150', '61', '79', '2010-06-08', 'Eaque architecto maxime doloremque.');
INSERT INTO `Comment` (`commentID`, `ratingID`, `userID`, `timestamp`, `content`) VALUES ('151', '142', '132', '1998-04-01', 'Voluptatem voluptatem nobis aut dolores.');
INSERT INTO `Comment` (`commentID`, `ratingID`, `userID`, `timestamp`, `content`) VALUES ('153', '51', '50', '1990-05-04', 'Quas qui reiciendis at accusantium rerum asperiores repellendus.');
INSERT INTO `Comment` (`commentID`, `ratingID`, `userID`, `timestamp`, `content`) VALUES ('156', '115', '113', '1970-11-01', 'Aut inventore molestiae et repellendus.');
INSERT INTO `Comment` (`commentID`, `ratingID`, `userID`, `timestamp`, `content`) VALUES ('157', '390', '39', '2018-05-07', 'Est perspiciatis delectus officia ut.');
INSERT INTO `Comment` (`commentID`, `ratingID`, `userID`, `timestamp`, `content`) VALUES ('162', '149', '141', '1995-11-25', 'Et omnis recusandae eum illo nihil et commodi.');
INSERT INTO `Comment` (`commentID`, `ratingID`, `userID`, `timestamp`, `content`) VALUES ('166', '361', '284', '2016-04-15', 'Et a aut sed autem facilis.');
INSERT INTO `Comment` (`commentID`, `ratingID`, `userID`, `timestamp`, `content`) VALUES ('167', '104', '103', '2003-09-06', 'Eaque ducimus nulla possimus rerum asperiores omnis.');
INSERT INTO `Comment` (`commentID`, `ratingID`, `userID`, `timestamp`, `content`) VALUES ('169', '347', '274', '1984-05-16', 'Ratione aut sed sint voluptate voluptas.');
INSERT INTO `Comment` (`commentID`, `ratingID`, `userID`, `timestamp`, `content`) VALUES ('170', '124', '118', '1997-03-30', 'Ut voluptatum labore ducimus aut.');
INSERT INTO `Comment` (`commentID`, `ratingID`, `userID`, `timestamp`, `content`) VALUES ('18', '34', '265', '1987-02-05', 'Ab optio ab necessitatibus aut.');
INSERT INTO `Comment` (`commentID`, `ratingID`, `userID`, `timestamp`, `content`) VALUES ('182', '190', '184', '1980-08-22', 'Vel quae distinctio fugit est quidem non.');
INSERT INTO `Comment` (`commentID`, `ratingID`, `userID`, `timestamp`, `content`) VALUES ('192', '165', '15', '2002-03-21', 'Eius ducimus perspiciatis explicabo porro aut et.');
INSERT INTO `Comment` (`commentID`, `ratingID`, `userID`, `timestamp`, `content`) VALUES ('194', '355', '278', '1981-02-18', 'Corporis consequatur nihil quo excepturi.');
INSERT INTO `Comment` (`commentID`, `ratingID`, `userID`, `timestamp`, `content`) VALUES ('20', '266', '211', '1985-08-25', 'Iure est ducimus veritatis autem in rerum.');
INSERT INTO `Comment` (`commentID`, `ratingID`, `userID`, `timestamp`, `content`) VALUES ('206', '137', '127', '2006-10-02', 'Numquam quo adipisci consequuntur molestiae est.');
INSERT INTO `Comment` (`commentID`, `ratingID`, `userID`, `timestamp`, `content`) VALUES ('208', '380', '299', '2011-05-24', 'Aut aut sapiente et voluptatem iusto.');
INSERT INTO `Comment` (`commentID`, `ratingID`, `userID`, `timestamp`, `content`) VALUES ('21', '319', '26', '1983-04-04', 'Cum molestiae nisi et quam blanditiis illo dolor et.');
INSERT INTO `Comment` (`commentID`, `ratingID`, `userID`, `timestamp`, `content`) VALUES ('210', '59', '69', '1973-12-05', 'Aut sed accusantium et aut modi minima.');
INSERT INTO `Comment` (`commentID`, `ratingID`, `userID`, `timestamp`, `content`) VALUES ('211', '291', '235', '1970-12-26', 'Aliquam consectetur mollitia quaerat ad.');
INSERT INTO `Comment` (`commentID`, `ratingID`, `userID`, `timestamp`, `content`) VALUES ('217', '111', '106', '2006-09-09', 'Veritatis sit beatae alias aut labore et rerum omnis.');
INSERT INTO `Comment` (`commentID`, `ratingID`, `userID`, `timestamp`, `content`) VALUES ('220', '38', '296', '1988-10-07', 'Et sunt molestias adipisci eum corporis.');
INSERT INTO `Comment` (`commentID`, `ratingID`, `userID`, `timestamp`, `content`) VALUES ('223', '96', '96', '1989-12-14', 'Sunt accusantium error perspiciatis deserunt sint sint aut.');
INSERT INTO `Comment` (`commentID`, `ratingID`, `userID`, `timestamp`, `content`) VALUES ('224', '49', '5', '2011-04-03', 'A porro blanditiis voluptatibus aliquam.');
INSERT INTO `Comment` (`commentID`, `ratingID`, `userID`, `timestamp`, `content`) VALUES ('228', '296', '237', '1973-02-04', 'Tempora voluptas repellendus occaecati omnis qui inventore et.');
INSERT INTO `Comment` (`commentID`, `ratingID`, `userID`, `timestamp`, `content`) VALUES ('23', '186', '179', '1972-12-01', 'Sed et quis dolore.');
INSERT INTO `Comment` (`commentID`, `ratingID`, `userID`, `timestamp`, `content`) VALUES ('231', '388', '33', '2003-10-05', 'Tenetur nihil porro deserunt id harum.');
INSERT INTO `Comment` (`commentID`, `ratingID`, `userID`, `timestamp`, `content`) VALUES ('237', '310', '246', '2002-02-01', 'Aliquid cum sed aliquid illo.');
INSERT INTO `Comment` (`commentID`, `ratingID`, `userID`, `timestamp`, `content`) VALUES ('238', '85', '85', '2003-07-07', 'Qui assumenda unde et dolorem.');
INSERT INTO `Comment` (`commentID`, `ratingID`, `userID`, `timestamp`, `content`) VALUES ('24', '246', '208', '1981-08-02', 'Distinctio possimus consequatur aspernatur maxime totam ut.');
INSERT INTO `Comment` (`commentID`, `ratingID`, `userID`, `timestamp`, `content`) VALUES ('240', '341', '267', '1998-04-06', 'Ut voluptatum totam saepe consequatur voluptas dignissimos placeat qui.');
INSERT INTO `Comment` (`commentID`, `ratingID`, `userID`, `timestamp`, `content`) VALUES ('241', '113', '108', '2011-12-31', 'Voluptatem est fugit impedit a minima.');
INSERT INTO `Comment` (`commentID`, `ratingID`, `userID`, `timestamp`, `content`) VALUES ('245', '276', '223', '1989-05-21', 'Qui excepturi ea deleniti libero dignissimos magni.');
INSERT INTO `Comment` (`commentID`, `ratingID`, `userID`, `timestamp`, `content`) VALUES ('251', '55', '55', '1997-05-07', 'Maxime omnis quam tempore libero at aliquam quia.');
INSERT INTO `Comment` (`commentID`, `ratingID`, `userID`, `timestamp`, `content`) VALUES ('252', '73', '8', '2021-01-16', 'Sit totam deleniti assumenda ratione quidem.');
INSERT INTO `Comment` (`commentID`, `ratingID`, `userID`, `timestamp`, `content`) VALUES ('255', '103', '100', '1992-01-08', 'Sit qui impedit quasi suscipit culpa.');
INSERT INTO `Comment` (`commentID`, `ratingID`, `userID`, `timestamp`, `content`) VALUES ('258', '125', '12', '1970-01-19', 'Aut aut ea quia labore incidunt et.');
INSERT INTO `Comment` (`commentID`, `ratingID`, `userID`, `timestamp`, `content`) VALUES ('26', '14', '13', '1973-10-29', 'Repellat ea enim autem dolore tenetur.');
INSERT INTO `Comment` (`commentID`, `ratingID`, `userID`, `timestamp`, `content`) VALUES ('260', '274', '221', '2004-10-19', 'Fuga et rerum vero hic.');
INSERT INTO `Comment` (`commentID`, `ratingID`, `userID`, `timestamp`, `content`) VALUES ('261', '358', '279', '2014-10-12', 'Laborum aut rerum non.');
INSERT INTO `Comment` (`commentID`, `ratingID`, `userID`, `timestamp`, `content`) VALUES ('266', '400', '48', '2014-01-16', 'Earum iste quia quos vel molestiae.');
INSERT INTO `Comment` (`commentID`, `ratingID`, `userID`, `timestamp`, `content`) VALUES ('271', '100', '', '1984-11-09', 'Iure iusto doloremque est amet.');
INSERT INTO `Comment` (`commentID`, `ratingID`, `userID`, `timestamp`, `content`) VALUES ('274', '277', '227', '1998-07-26', 'Et beatae praesentium quae sit distinctio id.');
INSERT INTO `Comment` (`commentID`, `ratingID`, `userID`, `timestamp`, `content`) VALUES ('279', '301', '24', '1976-01-10', 'Blanditiis in adipisci qui deserunt.');
INSERT INTO `Comment` (`commentID`, `ratingID`, `userID`, `timestamp`, `content`) VALUES ('28', '242', '207', '1985-04-01', 'Ex natus numquam impedit.');
INSERT INTO `Comment` (`commentID`, `ratingID`, `userID`, `timestamp`, `content`) VALUES ('287', '359', '281', '1971-09-21', 'Aut qui vel nostrum eos et.');
INSERT INTO `Comment` (`commentID`, `ratingID`, `userID`, `timestamp`, `content`) VALUES ('29', '199', '189', '1986-02-19', 'Enim aut ea quo sed facere.');
INSERT INTO `Comment` (`commentID`, `ratingID`, `userID`, `timestamp`, `content`) VALUES ('293', '122', '117', '2011-05-06', 'Aut aliquam sit ea repudiandae nisi accusamus qui.');
INSERT INTO `Comment` (`commentID`, `ratingID`, `userID`, `timestamp`, `content`) VALUES ('294', '373', '293', '2003-02-25', 'Error cupiditate quaerat tempora sed quas vel.');
INSERT INTO `Comment` (`commentID`, `ratingID`, `userID`, `timestamp`, `content`) VALUES ('299', '371', '285', '1980-04-18', 'Minima qui et vel saepe eligendi omnis rem magni.');
INSERT INTO `Comment` (`commentID`, `ratingID`, `userID`, `timestamp`, `content`) VALUES ('300', '195', '186', '1985-10-01', 'Sapiente quia incidunt magni pariatur omnis placeat assumenda.');
INSERT INTO `Comment` (`commentID`, `ratingID`, `userID`, `timestamp`, `content`) VALUES ('315', '58', '58', '1998-05-24', 'Error optio aut et aliquam quos.');
INSERT INTO `Comment` (`commentID`, `ratingID`, `userID`, `timestamp`, `content`) VALUES ('318', '313', '256', '1988-07-12', 'Eius ipsum ullam et quibusdam.');
INSERT INTO `Comment` (`commentID`, `ratingID`, `userID`, `timestamp`, `content`) VALUES ('32', '292', '236', '1977-01-07', 'Perferendis impedit inventore quia cupiditate delectus saepe aut.');
INSERT INTO `Comment` (`commentID`, `ratingID`, `userID`, `timestamp`, `content`) VALUES ('320', '343', '271', '2002-01-18', 'Aut sit officiis deserunt omnis.');
INSERT INTO `Comment` (`commentID`, `ratingID`, `userID`, `timestamp`, `content`) VALUES ('324', '184', '174', '2000-01-24', 'Cum quo ex qui quaerat.');
INSERT INTO `Comment` (`commentID`, `ratingID`, `userID`, `timestamp`, `content`) VALUES ('325', '152', '142', '2009-05-02', 'Est reprehenderit repellendus similique.');
INSERT INTO `Comment` (`commentID`, `ratingID`, `userID`, `timestamp`, `content`) VALUES ('326', '215', '198', '2014-04-18', 'Totam et odio voluptatem recusandae odit.');
INSERT INTO `Comment` (`commentID`, `ratingID`, `userID`, `timestamp`, `content`) VALUES ('328', '399', '43', '1988-06-28', 'Autem omnis laboriosam iste aut unde.');
INSERT INTO `Comment` (`commentID`, `ratingID`, `userID`, `timestamp`, `content`) VALUES ('331', '146', '135', '2008-04-10', 'Sit ut voluptate dolor debitis corrupti deserunt est.');
INSERT INTO `Comment` (`commentID`, `ratingID`, `userID`, `timestamp`, `content`) VALUES ('338', '177', '17', '2001-12-01', 'Voluptatem voluptatem ea fugit laborum.');
INSERT INTO `Comment` (`commentID`, `ratingID`, `userID`, `timestamp`, `content`) VALUES ('34', '129', '120', '2014-06-03', 'Est ex voluptas enim necessitatibus.');
INSERT INTO `Comment` (`commentID`, `ratingID`, `userID`, `timestamp`, `content`) VALUES ('347', '278', '230', '2020-09-06', 'Aut quia qui esse voluptates quis quam neque.');
INSERT INTO `Comment` (`commentID`, `ratingID`, `userID`, `timestamp`, `content`) VALUES ('348', '217', '20', '1983-11-15', 'Omnis perspiciatis deserunt nulla amet.');
INSERT INTO `Comment` (`commentID`, `ratingID`, `userID`, `timestamp`, `content`) VALUES ('353', '158', '147', '1988-06-20', 'Aut reprehenderit eos commodi velit et ut in.');
INSERT INTO `Comment` (`commentID`, `ratingID`, `userID`, `timestamp`, `content`) VALUES ('356', '302', '240', '2002-10-23', 'Voluptatem molestias debitis ut voluptatem consequatur sed qui.');
INSERT INTO `Comment` (`commentID`, `ratingID`, `userID`, `timestamp`, `content`) VALUES ('357', '349', '277', '2015-12-22', 'Quod voluptas reiciendis impedit occaecati assumenda beatae magnam.');
INSERT INTO `Comment` (`commentID`, `ratingID`, `userID`, `timestamp`, `content`) VALUES ('358', '375', '294', '1987-11-23', 'Totam quaerat cum a consequuntur.');
INSERT INTO `Comment` (`commentID`, `ratingID`, `userID`, `timestamp`, `content`) VALUES ('362', '169', '158', '1978-10-17', 'Recusandae similique eum doloremque aliquid consequatur.');
INSERT INTO `Comment` (`commentID`, `ratingID`, `userID`, `timestamp`, `content`) VALUES ('367', '275', '222', '2010-04-12', 'Placeat aut in enim.');
INSERT INTO `Comment` (`commentID`, `ratingID`, `userID`, `timestamp`, `content`) VALUES ('369', '333', '264', '1982-03-14', 'Quasi voluptatem similique natus possimus.');
INSERT INTO `Comment` (`commentID`, `ratingID`, `userID`, `timestamp`, `content`) VALUES ('38', '213', '193', '1984-10-19', 'Ut distinctio soluta perspiciatis voluptates distinctio.');
INSERT INTO `Comment` (`commentID`, `ratingID`, `userID`, `timestamp`, `content`) VALUES ('381', '226', '206', '1979-04-08', 'Reprehenderit eos quod sit animi.');
INSERT INTO `Comment` (`commentID`, `ratingID`, `userID`, `timestamp`, `content`) VALUES ('386', '393', '4', '2013-01-10', 'Ad dolores hic consequuntur dicta quis et.');
INSERT INTO `Comment` (`commentID`, `ratingID`, `userID`, `timestamp`, `content`) VALUES ('394', '78', '82', '1992-05-07', 'Et quis veritatis cupiditate alias delectus.');
INSERT INTO `Comment` (`commentID`, `ratingID`, `userID`, `timestamp`, `content`) VALUES ('45', '185', '175', '1995-09-16', 'Assumenda quae itaque cumque qui.');
INSERT INTO `Comment` (`commentID`, `ratingID`, `userID`, `timestamp`, `content`) VALUES ('47', '147', '136', '2009-03-16', 'Dolorum est quia minus necessitatibus maiores.');
INSERT INTO `Comment` (`commentID`, `ratingID`, `userID`, `timestamp`, `content`) VALUES ('48', '201', '192', '1976-08-27', 'Nihil ut quidem quo.');
INSERT INTO `Comment` (`commentID`, `ratingID`, `userID`, `timestamp`, `content`) VALUES ('52', '316', '259', '1979-09-09', 'Sed at iste facilis porro labore.');
INSERT INTO `Comment` (`commentID`, `ratingID`, `userID`, `timestamp`, `content`) VALUES ('60', '180', '173', '1998-07-02', 'Est et qui dolorem impedit dolores.');
INSERT INTO `Comment` (`commentID`, `ratingID`, `userID`, `timestamp`, `content`) VALUES ('62', '200', '190', '1973-01-12', 'Voluptas at in suscipit commodi rerum praesentium.');
INSERT INTO `Comment` (`commentID`, `ratingID`, `userID`, `timestamp`, `content`) VALUES ('72', '139', '128', '1995-01-19', 'Velit voluptatum molestiae sint ut doloribus eos.');
INSERT INTO `Comment` (`commentID`, `ratingID`, `userID`, `timestamp`, `content`) VALUES ('74', '116', '114', '1996-09-06', 'Corporis aut perspiciatis a distinctio.');
INSERT INTO `Comment` (`commentID`, `ratingID`, `userID`, `timestamp`, `content`) VALUES ('78', '86', '9', '1991-07-11', 'Sed voluptate repellendus quasi voluptatem voluptatum quod illo minima.');
INSERT INTO `Comment` (`commentID`, `ratingID`, `userID`, `timestamp`, `content`) VALUES ('79', '176', '168', '1986-10-01', 'Fuga excepturi dolorum voluptatibus ratione possimus.');
INSERT INTO `Comment` (`commentID`, `ratingID`, `userID`, `timestamp`, `content`) VALUES ('83', '132', '122', '2002-04-19', 'Voluptatibus optio ut at nihil et.');
INSERT INTO `Comment` (`commentID`, `ratingID`, `userID`, `timestamp`, `content`) VALUES ('97', '304', '241', '2007-05-09', 'Modi quo odio amet.');


#
# TABLE STRUCTURE FOR: Location
#


INSERT INTO `Location` (`locationID`, `name`, `country`, `zip`, `city`, `street`, `houseNumber`) VALUES ('103', 'Koss, Smith and Schowalter', 'San Marino', '85136', 'West Garrystad', 'Cole Coves', '346');
INSERT INTO `Location` (`locationID`, `name`, `country`, `zip`, `city`, `street`, `houseNumber`) VALUES ('104', 'Runolfsdottir, West and Heller', 'Mexico', '50113', 'Port Karianemouth', 'Hettinger Stream', '35468');
INSERT INTO `Location` (`locationID`, `name`, `country`, `zip`, `city`, `street`, `houseNumber`) VALUES ('105', 'Gleichner Ltd', 'Cambodia', '52478-0217', 'New Christy', 'Kulas Dam', '178');
INSERT INTO `Location` (`locationID`, `name`, `country`, `zip`, `city`, `street`, `houseNumber`) VALUES ('108', 'Stehr-Toy', 'Svalbard & Jan Mayen Islands', '76673', 'Leopoldoborough', 'Granville Junction', '2357');
INSERT INTO `Location` (`locationID`, `name`, `country`, `zip`, `city`, `street`, `houseNumber`) VALUES ('109', 'Ortiz, Kulas and Wintheiser', 'United States of America', '39332-9914', 'Karlside', 'Yasmin Hills', '170');
INSERT INTO `Location` (`locationID`, `name`, `country`, `zip`, `city`, `street`, `houseNumber`) VALUES ('110', 'Nicolas, Legros and Armstrong', 'Grenada', '30092', 'Port Gregorio', 'Marcelino Road', '83600');
INSERT INTO `Location` (`locationID`, `name`, `country`, `zip`, `city`, `street`, `houseNumber`) VALUES ('111', 'Borer and Sons', 'United States Virgin Islands', '21866-4961', 'Metzfort', 'Liza Port', '1637');
INSERT INTO `Location` (`locationID`, `name`, `country`, `zip`, `city`, `street`, `houseNumber`) VALUES ('112', 'Macejkovic Group', 'Macao', '79992', 'Mohrfurt', 'Yundt Mall', '9027');
INSERT INTO `Location` (`locationID`, `name`, `country`, `zip`, `city`, `street`, `houseNumber`) VALUES ('113', 'Will, Lebsack and Halvorson', 'Palau', '21741', 'West Logantown', 'Nigel Drives', '969');
INSERT INTO `Location` (`locationID`, `name`, `country`, `zip`, `city`, `street`, `houseNumber`) VALUES ('114', 'Prosacco, Stark and Klocko', 'Saint Barthelemy', '58739-0612', 'North Rudolph', 'Beer Isle', '0355');
INSERT INTO `Location` (`locationID`, `name`, `country`, `zip`, `city`, `street`, `houseNumber`) VALUES ('115', 'Feeney Ltd', 'Mali', '04247-9891', 'Port Jeramyhaven', 'Hintz Loop', '2223');
INSERT INTO `Location` (`locationID`, `name`, `country`, `zip`, `city`, `street`, `houseNumber`) VALUES ('116', 'Hansen-Predovic', 'Antarctica (the territory South of 60 deg S)', '09128', 'Littlemouth', 'Sauer Wells', '18237');
INSERT INTO `Location` (`locationID`, `name`, `country`, `zip`, `city`, `street`, `houseNumber`) VALUES ('12', 'Wiza-Wunsch', 'Canada', '59886', 'Hagenesfurt', 'Aufderhar Harbor', '4899');
INSERT INTO `Location` (`locationID`, `name`, `country`, `zip`, `city`, `street`, `houseNumber`) VALUES ('120', 'Bahringer, Runolfsdottir and Smitham', 'Djibouti', '43980', 'East Salmaberg', 'Larkin Village', '1710');
INSERT INTO `Location` (`locationID`, `name`, `country`, `zip`, `city`, `street`, `houseNumber`) VALUES ('121', 'Rutherford, Conroy and Spinka', 'Croatia', '89941', 'Port Mortonbury', 'Bernhard Meadow', '349');
INSERT INTO `Location` (`locationID`, `name`, `country`, `zip`, `city`, `street`, `houseNumber`) VALUES ('123', 'Bechtelar PLC', 'Heard Island and McDonald Islands', '47105', 'West Gayle', 'Fisher Haven', '15823');
INSERT INTO `Location` (`locationID`, `name`, `country`, `zip`, `city`, `street`, `houseNumber`) VALUES ('124', 'Bailey, Bernier and Tromp', 'Moldova', '24527', 'South Devenbury', 'Thad Park', '062');
INSERT INTO `Location` (`locationID`, `name`, `country`, `zip`, `city`, `street`, `houseNumber`) VALUES ('125', 'Nienow, Morissette and Rogahn', 'Gibraltar', '91283', 'North Stacy', 'Brendon Wells', '24360');
INSERT INTO `Location` (`locationID`, `name`, `country`, `zip`, `city`, `street`, `houseNumber`) VALUES ('128', 'VonRueden Inc', 'Czech Republic', '86956', 'East Rubye', 'Laury Street', '830');
INSERT INTO `Location` (`locationID`, `name`, `country`, `zip`, `city`, `street`, `houseNumber`) VALUES ('129', 'Labadie PLC', 'Turks and Caicos Islands', '59277-2985', 'Lake Aubreyton', 'Doug Isle', '03897');
INSERT INTO `Location` (`locationID`, `name`, `country`, `zip`, `city`, `street`, `houseNumber`) VALUES ('131', 'Wyman, Bauch and Abshire', 'Malawi', '36864-5011', 'New Mosheberg', 'Auer Burg', '118');
INSERT INTO `Location` (`locationID`, `name`, `country`, `zip`, `city`, `street`, `houseNumber`) VALUES ('132', 'Howell PLC', 'Northern Mariana Islands', '28831', 'West Carmellaburgh', 'Giles Villages', '805');
INSERT INTO `Location` (`locationID`, `name`, `country`, `zip`, `city`, `street`, `houseNumber`) VALUES ('136', 'Deckow LLC', 'San Marino', '06753', 'Johnstonshire', 'Kshlerin Streets', '1102');
INSERT INTO `Location` (`locationID`, `name`, `country`, `zip`, `city`, `street`, `houseNumber`) VALUES ('139', 'Lubowitz-Dooley', 'Samoa', '96059', 'Virginieburgh', 'Hintz Villages', '9872');
INSERT INTO `Location` (`locationID`, `name`, `country`, `zip`, `city`, `street`, `houseNumber`) VALUES ('14', 'Reynolds-Kuhn', 'Jordan', '69348', 'East Elody', 'Damian Pass', '181');
INSERT INTO `Location` (`locationID`, `name`, `country`, `zip`, `city`, `street`, `houseNumber`) VALUES ('143', 'Hilll, Borer and Jerde', 'Bouvet Island (Bouvetoya)', '99810', 'Devonshire', 'Herman Knolls', '2666');
INSERT INTO `Location` (`locationID`, `name`, `country`, `zip`, `city`, `street`, `houseNumber`) VALUES ('148', 'Witting, Nikolaus and Koss', 'United States of America', '20431-8339', 'Lake Melanystad', 'Gerald Cliff', '5735');
INSERT INTO `Location` (`locationID`, `name`, `country`, `zip`, `city`, `street`, `houseNumber`) VALUES ('150', 'Kuphal, Kertzmann and Jast', 'Wallis and Futuna', '27861', 'Hilpertton', 'Anderson Falls', '57861');
INSERT INTO `Location` (`locationID`, `name`, `country`, `zip`, `city`, `street`, `houseNumber`) VALUES ('152', 'Graham-Vandervort', 'Armenia', '61872', 'Lake Angelina', 'Simonis Haven', '6042');
INSERT INTO `Location` (`locationID`, `name`, `country`, `zip`, `city`, `street`, `houseNumber`) VALUES ('155', 'Moen LLC', 'Cape Verde', '68597-2769', 'Cieloside', 'Monahan Valley', '6016');
INSERT INTO `Location` (`locationID`, `name`, `country`, `zip`, `city`, `street`, `houseNumber`) VALUES ('156', 'Skiles, Bogan and Dibbert', 'Nepal', '16748', 'Port Chloemouth', 'Delta Junction', '44745');
INSERT INTO `Location` (`locationID`, `name`, `country`, `zip`, `city`, `street`, `houseNumber`) VALUES ('158', 'Will, Becker and Walsh', 'Vanuatu', '28431', 'Port Mable', 'Mallory Stream', '09534');
INSERT INTO `Location` (`locationID`, `name`, `country`, `zip`, `city`, `street`, `houseNumber`) VALUES ('159', 'Balistreri-Keeling', 'Tuvalu', '80062-6231', 'Hartmannland', 'Danika Overpass', '2420');
INSERT INTO `Location` (`locationID`, `name`, `country`, `zip`, `city`, `street`, `houseNumber`) VALUES ('161', 'Schinner-Torphy', 'Paraguay', '97947', 'Nathanielside', 'Elias View', '35875');
INSERT INTO `Location` (`locationID`, `name`, `country`, `zip`, `city`, `street`, `houseNumber`) VALUES ('163', 'Crona-Mayert', 'Mongolia', '54363-1867', 'Prosaccoshire', 'Franecki Place', '0085');
INSERT INTO `Location` (`locationID`, `name`, `country`, `zip`, `city`, `street`, `houseNumber`) VALUES ('166', 'Klein Inc', 'Uganda', '29904-8843', 'Dulcefurt', 'Orn Gardens', '27766');
INSERT INTO `Location` (`locationID`, `name`, `country`, `zip`, `city`, `street`, `houseNumber`) VALUES ('168', 'O\'Conner-Gutmann', 'Senegal', '82368', 'Abrahamberg', 'Lindsay View', '775');
INSERT INTO `Location` (`locationID`, `name`, `country`, `zip`, `city`, `street`, `houseNumber`) VALUES ('169', 'Brekke, Herman and Reichert', 'Guinea', '30588-2683', 'Lake Eloisestad', 'Gottlieb Camp', '18954');
INSERT INTO `Location` (`locationID`, `name`, `country`, `zip`, `city`, `street`, `houseNumber`) VALUES ('174', 'Rolfson Inc', 'Liberia', '35022', 'East Jeanette', 'Eichmann Court', '715');
INSERT INTO `Location` (`locationID`, `name`, `country`, `zip`, `city`, `street`, `houseNumber`) VALUES ('175', 'Parker-Shanahan', 'Sao Tome and Principe', '68988-6833', 'West Sidney', 'Spinka Extension', '183');
INSERT INTO `Location` (`locationID`, `name`, `country`, `zip`, `city`, `street`, `houseNumber`) VALUES ('177', 'Hessel PLC', 'Haiti', '82630-3543', 'Aldashire', 'Horacio Mills', '48036');
INSERT INTO `Location` (`locationID`, `name`, `country`, `zip`, `city`, `street`, `houseNumber`) VALUES ('178', 'Stracke and Sons', 'Turks and Caicos Islands', '39566', 'Earlfurt', 'Giles Haven', '27753');
INSERT INTO `Location` (`locationID`, `name`, `country`, `zip`, `city`, `street`, `houseNumber`) VALUES ('179', 'Purdy, Kub and Gerlach', 'Bhutan', '81852-1879', 'South Maximo', 'Lavonne Knoll', '0030');
INSERT INTO `Location` (`locationID`, `name`, `country`, `zip`, `city`, `street`, `houseNumber`) VALUES ('180', 'Nikolaus PLC', 'Saint Lucia', '34383', 'Port Annahaven', 'Fae Divide', '92173');
INSERT INTO `Location` (`locationID`, `name`, `country`, `zip`, `city`, `street`, `houseNumber`) VALUES ('182', 'Kertzmann, Beer and Waelchi', 'Cook Islands', '44821-0841', 'North Christopside', 'Kyle Estate', '045');
INSERT INTO `Location` (`locationID`, `name`, `country`, `zip`, `city`, `street`, `houseNumber`) VALUES ('184', 'Flatley, Smith and Bruen', 'Sao Tome and Principe', '41359', 'Schuppeville', 'Deshawn Pine', '1667');
INSERT INTO `Location` (`locationID`, `name`, `country`, `zip`, `city`, `street`, `houseNumber`) VALUES ('186', 'Kreiger PLC', 'Guam', '02562', 'New Brayanhaven', 'Gusikowski Light', '19662');
INSERT INTO `Location` (`locationID`, `name`, `country`, `zip`, `city`, `street`, `houseNumber`) VALUES ('188', 'Gislason-Kuhlman', 'Czech Republic', '05746', 'Budborough', 'Cecile Common', '793');
INSERT INTO `Location` (`locationID`, `name`, `country`, `zip`, `city`, `street`, `houseNumber`) VALUES ('189', 'Haley, Osinski and Mohr', 'Saint Barthelemy', '62766-4239', 'South Kendallview', 'Upton Ports', '1913');
INSERT INTO `Location` (`locationID`, `name`, `country`, `zip`, `city`, `street`, `houseNumber`) VALUES ('19', 'Brown-Sporer', 'Turkmenistan', '95107', 'South Rocio', 'Sauer Field', '46989');
INSERT INTO `Location` (`locationID`, `name`, `country`, `zip`, `city`, `street`, `houseNumber`) VALUES ('190', 'D\'Amore-Greenfelder', 'Belgium', '03773-6789', 'Spinkaton', 'Carmela Mountain', '9237');
INSERT INTO `Location` (`locationID`, `name`, `country`, `zip`, `city`, `street`, `houseNumber`) VALUES ('193', 'Pagac, Harber and Cormier', 'Gabon', '51265-6540', 'Juanitatown', 'Mckenzie Tunnel', '05016');
INSERT INTO `Location` (`locationID`, `name`, `country`, `zip`, `city`, `street`, `houseNumber`) VALUES ('196', 'Schneider-Douglas', 'Nigeria', '56040-9348', 'New Dave', 'Ima Row', '2203');
INSERT INTO `Location` (`locationID`, `name`, `country`, `zip`, `city`, `street`, `houseNumber`) VALUES ('197', 'Hamill, Koss and Pfannerstill', 'Hong Kong', '48832', 'Spencerside', 'Davis Lodge', '74410');
INSERT INTO `Location` (`locationID`, `name`, `country`, `zip`, `city`, `street`, `houseNumber`) VALUES ('198', 'Johnson LLC', 'Jersey', '37729', 'West Sallystad', 'Quigley Squares', '3196');
INSERT INTO `Location` (`locationID`, `name`, `country`, `zip`, `city`, `street`, `houseNumber`) VALUES ('199', 'Runolfsdottir-Hudson', 'Dominica', '80211-4683', 'Frederikville', 'Davin Summit', '058');
INSERT INTO `Location` (`locationID`, `name`, `country`, `zip`, `city`, `street`, `houseNumber`) VALUES ('2', 'Raynor-Friesen', 'Djibouti', '96999', 'Zanechester', 'Heidenreich Drives', '44715');
INSERT INTO `Location` (`locationID`, `name`, `country`, `zip`, `city`, `street`, `houseNumber`) VALUES ('20', 'West, Rice and Bernhard', 'Somalia', '59091-6382', 'New Dovie', 'Colleen Square', '3204');
INSERT INTO `Location` (`locationID`, `name`, `country`, `zip`, `city`, `street`, `houseNumber`) VALUES ('23', 'Upton-Denesik', 'Lesotho', '10057', 'North Annamaeberg', 'Jakubowski Forges', '67570');
INSERT INTO `Location` (`locationID`, `name`, `country`, `zip`, `city`, `street`, `houseNumber`) VALUES ('24', 'Jaskolski, Rau and Nienow', 'Mozambique', '85054-2613', 'Haagport', 'Rowe Cove', '95244');
INSERT INTO `Location` (`locationID`, `name`, `country`, `zip`, `city`, `street`, `houseNumber`) VALUES ('28', 'Mosciski-Bins', 'Uruguay', '17360', 'Port Tomasmouth', 'Johnathan Spurs', '519');
INSERT INTO `Location` (`locationID`, `name`, `country`, `zip`, `city`, `street`, `houseNumber`) VALUES ('30', 'Shanahan, Fahey and Kling', 'Guernsey', '98928', 'Lake Nickolaschester', 'Eloisa Extensions', '823');
INSERT INTO `Location` (`locationID`, `name`, `country`, `zip`, `city`, `street`, `houseNumber`) VALUES ('31', 'Lakin Group', 'Senegal', '84506', 'New Gerry', 'Owen Wall', '493');
INSERT INTO `Location` (`locationID`, `name`, `country`, `zip`, `city`, `street`, `houseNumber`) VALUES ('33', 'Mann, Thompson and Beahan', 'Mali', '98049-3020', 'Maeganburgh', 'Ullrich Street', '21433');
INSERT INTO `Location` (`locationID`, `name`, `country`, `zip`, `city`, `street`, `houseNumber`) VALUES ('34', 'Quitzon Inc', 'Seychelles', '40458', 'Baileyshire', 'Rice Gardens', '31802');
INSERT INTO `Location` (`locationID`, `name`, `country`, `zip`, `city`, `street`, `houseNumber`) VALUES ('38', 'Fisher Ltd', 'Guam', '02569', 'Lake Mozelle', 'Annamarie Square', '55124');
INSERT INTO `Location` (`locationID`, `name`, `country`, `zip`, `city`, `street`, `houseNumber`) VALUES ('39', 'Lind, Morissette and Gleichner', 'United States Virgin Islands', '48243', 'Lednertown', 'Brielle Station', '9692');
INSERT INTO `Location` (`locationID`, `name`, `country`, `zip`, `city`, `street`, `houseNumber`) VALUES ('42', 'Roberts-Nienow', 'Comoros', '71616', 'Schinnerstad', 'Brakus Isle', '871');
INSERT INTO `Location` (`locationID`, `name`, `country`, `zip`, `city`, `street`, `houseNumber`) VALUES ('45', 'Langworth-White', 'Poland', '06332-9954', 'New Dedricfurt', 'Reilly Land', '1132');
INSERT INTO `Location` (`locationID`, `name`, `country`, `zip`, `city`, `street`, `houseNumber`) VALUES ('46', 'Nicolas Ltd', 'Cape Verde', '27164', 'East Alvah', 'Kilback Park', '17607');
INSERT INTO `Location` (`locationID`, `name`, `country`, `zip`, `city`, `street`, `houseNumber`) VALUES ('47', 'Kohler and Sons', 'Georgia', '42849-4588', 'Starkmouth', 'Allen Lakes', '1894');
INSERT INTO `Location` (`locationID`, `name`, `country`, `zip`, `city`, `street`, `houseNumber`) VALUES ('49', 'Feeney, Rohan and Strosin', 'Turkmenistan', '93885', 'New Alexandrea', 'Karlee Walk', '3440');
INSERT INTO `Location` (`locationID`, `name`, `country`, `zip`, `city`, `street`, `houseNumber`) VALUES ('5', 'Lakin Ltd', 'Jersey', '10420', 'Bashirianland', 'Zieme Manors', '4385');
INSERT INTO `Location` (`locationID`, `name`, `country`, `zip`, `city`, `street`, `houseNumber`) VALUES ('50', 'Ledner-Beer', 'Angola', '48444', 'West Jermey', 'Robel Mission', '38055');
INSERT INTO `Location` (`locationID`, `name`, `country`, `zip`, `city`, `street`, `houseNumber`) VALUES ('51', 'Nikolaus, Wilkinson and Ledner', 'Iraq', '73548-0814', 'Hyattview', 'Bruen Brooks', '61879');
INSERT INTO `Location` (`locationID`, `name`, `country`, `zip`, `city`, `street`, `houseNumber`) VALUES ('52', 'Mante Group', 'Gibraltar', '18495', 'Bergstromland', 'Kirlin Street', '61248');
INSERT INTO `Location` (`locationID`, `name`, `country`, `zip`, `city`, `street`, `houseNumber`) VALUES ('54', 'Nitzsche, Cormier and Bruen', 'Russian Federation', '68770-1199', 'New Landen', 'Dach Villages', '343');
INSERT INTO `Location` (`locationID`, `name`, `country`, `zip`, `city`, `street`, `houseNumber`) VALUES ('55', 'Hamill PLC', 'Central African Republic', '17724', 'New Ianmouth', 'Zion Street', '300');
INSERT INTO `Location` (`locationID`, `name`, `country`, `zip`, `city`, `street`, `houseNumber`) VALUES ('57', 'Sauer LLC', 'Martinique', '69593-5244', 'Schuppeton', 'Hintz Corner', '07935');
INSERT INTO `Location` (`locationID`, `name`, `country`, `zip`, `city`, `street`, `houseNumber`) VALUES ('59', 'Bechtelar, Little and Bernhard', 'Togo', '91672-7872', 'Lesleybury', 'Daniella Lock', '189');
INSERT INTO `Location` (`locationID`, `name`, `country`, `zip`, `city`, `street`, `houseNumber`) VALUES ('61', 'Wyman-Nienow', 'Estonia', '86976', 'Lake Lacychester', 'Kautzer Cliffs', '6175');
INSERT INTO `Location` (`locationID`, `name`, `country`, `zip`, `city`, `street`, `houseNumber`) VALUES ('62', 'Gusikowski, Leffler and Parker', 'Cuba', '79573-8758', 'Hegmannbury', 'O\'Kon Extensions', '9197');
INSERT INTO `Location` (`locationID`, `name`, `country`, `zip`, `city`, `street`, `houseNumber`) VALUES ('63', 'McGlynn, Buckridge and Gaylord', 'Mali', '12555', 'Aracelifurt', 'Hand Mall', '974');
INSERT INTO `Location` (`locationID`, `name`, `country`, `zip`, `city`, `street`, `houseNumber`) VALUES ('65', 'Stroman-Goodwin', 'Bouvet Island (Bouvetoya)', '61479', 'East Gideon', 'Juana Manors', '05725');
INSERT INTO `Location` (`locationID`, `name`, `country`, `zip`, `city`, `street`, `houseNumber`) VALUES ('67', 'Marquardt-Graham', 'Iran', '71775', 'Shanetown', 'Jermain Trafficway', '6824');
INSERT INTO `Location` (`locationID`, `name`, `country`, `zip`, `city`, `street`, `houseNumber`) VALUES ('68', 'Crona-Konopelski', 'Myanmar', '49993', 'North Koby', 'Bartoletti Terrace', '387');
INSERT INTO `Location` (`locationID`, `name`, `country`, `zip`, `city`, `street`, `houseNumber`) VALUES ('70', 'Jacobs PLC', 'Ethiopia', '97305', 'North Ramiroland', 'Hector Mountains', '69909');
INSERT INTO `Location` (`locationID`, `name`, `country`, `zip`, `city`, `street`, `houseNumber`) VALUES ('73', 'Herzog and Sons', 'Jordan', '99638-1149', 'Rutherfordport', 'Georgianna Run', '8769');
INSERT INTO `Location` (`locationID`, `name`, `country`, `zip`, `city`, `street`, `houseNumber`) VALUES ('76', 'Huels-Cartwright', 'Bulgaria', '96256-9620', 'Bechtelarville', 'Sawayn Square', '061');
INSERT INTO `Location` (`locationID`, `name`, `country`, `zip`, `city`, `street`, `houseNumber`) VALUES ('77', 'Nader, Brakus and Dickens', 'Swaziland', '10363', 'Gilesbury', 'Brekke Dale', '48615');
INSERT INTO `Location` (`locationID`, `name`, `country`, `zip`, `city`, `street`, `houseNumber`) VALUES ('78', 'Goodwin Ltd', 'Korea', '54419', 'Port Earnest', 'Cole Avenue', '4260');
INSERT INTO `Location` (`locationID`, `name`, `country`, `zip`, `city`, `street`, `houseNumber`) VALUES ('79', 'Kuvalis Inc', 'Korea', '82482-5975', 'Esmeraldastad', 'Gregorio Skyway', '5639');
INSERT INTO `Location` (`locationID`, `name`, `country`, `zip`, `city`, `street`, `houseNumber`) VALUES ('8', 'Mayert, Gulgowski and Robel', 'Colombia', '03976', 'Kennithside', 'Ryan Neck', '9631');
INSERT INTO `Location` (`locationID`, `name`, `country`, `zip`, `city`, `street`, `houseNumber`) VALUES ('80', 'Ratke, Zieme and Bauch', 'Bouvet Island (Bouvetoya)', '42374', 'Greenbury', 'Trenton Dam', '3789');
INSERT INTO `Location` (`locationID`, `name`, `country`, `zip`, `city`, `street`, `houseNumber`) VALUES ('83', 'Collier, Abshire and Connelly', 'New Zealand', '00417', 'Lake Luz', 'Karlie Roads', '6631');
INSERT INTO `Location` (`locationID`, `name`, `country`, `zip`, `city`, `street`, `houseNumber`) VALUES ('85', 'Hauck, Hauck and Hand', 'Korea', '25266', 'Lake Rahsaanbury', 'Seamus Centers', '370');
INSERT INTO `Location` (`locationID`, `name`, `country`, `zip`, `city`, `street`, `houseNumber`) VALUES ('89', 'Konopelski, Weimann and Nolan', 'Micronesia', '96237-2301', 'Lake Willberg', 'Lincoln Roads', '07629');
INSERT INTO `Location` (`locationID`, `name`, `country`, `zip`, `city`, `street`, `houseNumber`) VALUES ('9', 'Stokes, Fay and Greenholt', 'Libyan Arab Jamahiriya', '54043-7614', 'Hermannberg', 'Vernon Cape', '4503');
INSERT INTO `Location` (`locationID`, `name`, `country`, `zip`, `city`, `street`, `houseNumber`) VALUES ('94', 'Schneider PLC', 'Sri Lanka', '69806-0370', 'Port Yadiraland', 'Iliana Fall', '73363');
INSERT INTO `Location` (`locationID`, `name`, `country`, `zip`, `city`, `street`, `houseNumber`) VALUES ('96', 'Sipes-Stracke', 'Ukraine', '70588-8230', 'Theastad', 'Adam Loop', '2015');


#
# TABLE STRUCTURE FOR: Product
#


INSERT INTO `Product` (`productID`, `name`, `brand`, `description`, `officialImage`, `labels`, `count`, `types`, `avgStars`) VALUES ('100', 'Crist', 'Jenkins, Schulist and Braun', 'Ullam aliquid aut debitis id eum omnis. Voluptatem vitae ex eveniet voluptatem consequuntur. Rerum dolore iure sequi architecto fugiat et.', 'http://lorempixel.com/500/700/food/', '', 336, 'Keatonview', 0);
INSERT INTO `Product` (`productID`, `name`, `brand`, `description`, `officialImage`, `labels`, `count`, `types`, `avgStars`) VALUES ('102', 'Hahn', 'Skiles, McCullough and Hammes', 'Quia alias veniam quibusdam eaque deserunt sunt. Saepe iste beatae inventore qui dignissimos ab soluta. Earum error harum explicabo eveniet repudiandae sapiente. Sint magni tempore sed.', 'http://lorempixel.com/500/700/food/', '3', 444, 'Port Darrenhaven', 4);
INSERT INTO `Product` (`productID`, `name`, `brand`, `description`, `officialImage`, `labels`, `count`, `types`, `avgStars`) VALUES ('103', 'Kohler', 'King, Mohr and Watsica', 'Ut possimus at nihil ipsam explicabo. Qui aut neque earum. Modi et eos a rerum. Sit qui et velit.', 'http://lorempixel.com/500/700/food/', '2', 349, 'New Ettieport', 4);
INSERT INTO `Product` (`productID`, `name`, `brand`, `description`, `officialImage`, `labels`, `count`, `types`, `avgStars`) VALUES ('107', 'Macejkovic', 'Kozey-Walter', 'Inventore vitae repudiandae voluptatem natus et vel non. Est commodi dolorem non sed. Corporis voluptatem qui minus eos. Et quia sed minima qui nulla.', 'http://lorempixel.com/500/700/food/', '3', 415, 'Steuberberg', 3);
INSERT INTO `Product` (`productID`, `name`, `brand`, `description`, `officialImage`, `labels`, `count`, `types`, `avgStars`) VALUES ('109', 'Reynolds', 'Reichert Ltd', 'Ullam possimus sed sunt sequi voluptatum. Quis tenetur culpa fuga sit rem ab velit rerum. Ipsam accusantium et praesentium ad asperiores reprehenderit voluptatibus rerum.', 'http://lorempixel.com/500/700/food/', '4', 129, 'Amelialand', 4);
INSERT INTO `Product` (`productID`, `name`, `brand`, `description`, `officialImage`, `labels`, `count`, `types`, `avgStars`) VALUES ('11', 'Jacobson', 'Legros-Stiedemann', 'Ut non tenetur dolorem tempore ducimus ut est. Voluptas est nihil provident consequatur et nesciunt voluptatum.', 'http://lorempixel.com/500/700/food/', '', 305, 'Kenyaborough', 4);
INSERT INTO `Product` (`productID`, `name`, `brand`, `description`, `officialImage`, `labels`, `count`, `types`, `avgStars`) VALUES ('110', 'Hirthe', 'Veum, Kub and Murazik', 'Molestiae voluptatem placeat ipsum qui quaerat harum necessitatibus. Fugiat sit officiis aliquid qui quod accusantium sapiente. Voluptatibus nihil illo fugit. Eum iure itaque odio molestiae voluptas dignissimos quae assumenda.', 'http://lorempixel.com/500/700/food/', '3', 356, 'East Giovannamouth', 2);
INSERT INTO `Product` (`productID`, `name`, `brand`, `description`, `officialImage`, `labels`, `count`, `types`, `avgStars`) VALUES ('112', 'Bogisich', 'McClure, Rutherford and Mueller', 'Dolore qui id cupiditate perferendis et atque. Recusandae quo ut et magni. Odit sed iste sequi et sunt. Cum est vel accusamus deleniti eum itaque quisquam.', 'http://lorempixel.com/500/700/food/', '', 491, 'North Esmeralda', 1);
INSERT INTO `Product` (`productID`, `name`, `brand`, `description`, `officialImage`, `labels`, `count`, `types`, `avgStars`) VALUES ('113', 'Renner', 'Bernier, Nolan and Christiansen', 'Qui molestias corporis sunt ut quibusdam. Voluptate sed deleniti perferendis in aut. Reprehenderit quos dolore ex quaerat.', 'http://lorempixel.com/500/700/food/', '4', 73, 'West Daron', 4);
INSERT INTO `Product` (`productID`, `name`, `brand`, `description`, `officialImage`, `labels`, `count`, `types`, `avgStars`) VALUES ('115', 'Ledner', 'Dickinson Group', 'Ut eius officiis voluptatem consequatur. Saepe repellat molestiae impedit sunt similique qui fugit occaecati. Quos consequuntur ea ipsa reiciendis.', 'http://lorempixel.com/500/700/food/', '3', 119, 'West Stefanie', 0);
INSERT INTO `Product` (`productID`, `name`, `brand`, `description`, `officialImage`, `labels`, `count`, `types`, `avgStars`) VALUES ('117', 'Bahringer', 'Hintz, Schoen and Gusikowski', 'Nesciunt labore et ea quia. Laboriosam doloremque repudiandae tempore rerum magnam quibusdam est. Ut maxime libero deserunt ut nulla et ut blanditiis.', 'http://lorempixel.com/500/700/food/', '1', 192, 'New Pansy', 0);
INSERT INTO `Product` (`productID`, `name`, `brand`, `description`, `officialImage`, `labels`, `count`, `types`, `avgStars`) VALUES ('118', 'Haley', 'Maggio Inc', 'Nostrum sint excepturi dolorem aut et at. A voluptatem inventore doloribus non rerum laudantium.', 'http://lorempixel.com/500/700/food/', '4', 246, 'New Darenborough', 4);
INSERT INTO `Product` (`productID`, `name`, `brand`, `description`, `officialImage`, `labels`, `count`, `types`, `avgStars`) VALUES ('119', 'Collins', 'Ritchie-Mayert', 'Enim eum velit impedit molestiae temporibus officiis eius. Eum recusandae architecto natus tempora autem odit veritatis. Dignissimos enim incidunt cum architecto qui veniam.', 'http://lorempixel.com/500/700/food/', '', 189, 'Wintheisermouth', 3);
INSERT INTO `Product` (`productID`, `name`, `brand`, `description`, `officialImage`, `labels`, `count`, `types`, `avgStars`) VALUES ('12', 'Russel', 'Hodkiewicz, Friesen and Ratke', 'Reiciendis consequuntur commodi nihil. Perspiciatis rerum officia est voluptas quasi.', 'http://lorempixel.com/500/700/food/', '', 446, 'Vanessaville', 5);
INSERT INTO `Product` (`productID`, `name`, `brand`, `description`, `officialImage`, `labels`, `count`, `types`, `avgStars`) VALUES ('120', 'Schaefer', 'Kunze-Rodriguez', 'Aut quis saepe aut fugit doloremque et impedit sed. Aut aspernatur nihil magnam cum dicta dolore corrupti fugiat. Quos quis sed rem dignissimos natus. Voluptatem qui cum unde et magnam fuga.', 'http://lorempixel.com/500/700/food/', '1', 410, 'New Araceli', 2);
INSERT INTO `Product` (`productID`, `name`, `brand`, `description`, `officialImage`, `labels`, `count`, `types`, `avgStars`) VALUES ('121', 'Runolfsson', 'Jast, Bednar and Reilly', 'Est ea excepturi rerum sint ut. Blanditiis sint doloremque veniam eius dolores molestias mollitia. Doloremque veritatis unde unde.', 'http://lorempixel.com/500/700/food/', '5', 117, 'Kaileemouth', 3);
INSERT INTO `Product` (`productID`, `name`, `brand`, `description`, `officialImage`, `labels`, `count`, `types`, `avgStars`) VALUES ('122', 'Green', 'Farrell-Greenfelder', 'Sit est esse amet ut dignissimos. Ut minima rerum ad. Consectetur qui quod et ea aut id. Hic est quia iste alias ea sit in autem. Ducimus explicabo illo aut id.', 'http://lorempixel.com/500/700/food/', '3', 475, 'Toyton', 0);
INSERT INTO `Product` (`productID`, `name`, `brand`, `description`, `officialImage`, `labels`, `count`, `types`, `avgStars`) VALUES ('123', 'Funk', 'Ryan PLC', 'Nam possimus sit aut qui. Omnis id quaerat temporibus. Delectus consequatur eos deleniti commodi. Facere et optio perferendis dolorem voluptatem consequatur.', 'http://lorempixel.com/500/700/food/', '', 131, 'North Emily', 1);
INSERT INTO `Product` (`productID`, `name`, `brand`, `description`, `officialImage`, `labels`, `count`, `types`, `avgStars`) VALUES ('126', 'Senger', 'Reichel LLC', 'Velit molestiae id deserunt temporibus eaque illum itaque qui. Dolor distinctio explicabo repudiandae molestias soluta. Vel porro veniam et ea est facere odit.', 'http://lorempixel.com/500/700/food/', '5', 174, 'Viviennefurt', 5);
INSERT INTO `Product` (`productID`, `name`, `brand`, `description`, `officialImage`, `labels`, `count`, `types`, `avgStars`) VALUES ('131', 'Jones', 'Kemmer-Crona', 'Amet velit quia recusandae hic. Eaque rerum harum asperiores. Repellat necessitatibus necessitatibus consequatur corporis iste. Eaque fugiat quia eaque occaecati necessitatibus id rem voluptas.', 'http://lorempixel.com/500/700/food/', '2', 225, 'Port Chadrick', 3);
INSERT INTO `Product` (`productID`, `name`, `brand`, `description`, `officialImage`, `labels`, `count`, `types`, `avgStars`) VALUES ('132', 'Adams', 'Greenholt-Lesch', 'Ipsam optio reiciendis vero voluptate labore. Impedit blanditiis architecto modi id omnis.', 'http://lorempixel.com/500/700/food/', '1', 6, 'North Corrine', 2);
INSERT INTO `Product` (`productID`, `name`, `brand`, `description`, `officialImage`, `labels`, `count`, `types`, `avgStars`) VALUES ('133', 'Casper', 'Bauch-Stehr', 'Inventore voluptatem et est labore perferendis. Exercitationem aperiam fuga inventore ipsum ratione nobis. Ullam culpa nam fugiat facere. Expedita soluta nesciunt natus rerum quasi et aut.', 'http://lorempixel.com/500/700/food/', '4', 366, 'Yundtbury', 0);
INSERT INTO `Product` (`productID`, `name`, `brand`, `description`, `officialImage`, `labels`, `count`, `types`, `avgStars`) VALUES ('135', 'Bartoletti', 'Rippin Group', 'Aperiam dolorum dolorem consequatur ad voluptatem illo fuga tempora. Distinctio culpa quia praesentium voluptates fugit. Quia deleniti nihil ut enim.', 'http://lorempixel.com/500/700/food/', '4', 44, 'North Micah', 5);
INSERT INTO `Product` (`productID`, `name`, `brand`, `description`, `officialImage`, `labels`, `count`, `types`, `avgStars`) VALUES ('136', 'Witting', 'Wintheiser and Sons', 'Est suscipit est odit. Quam sunt cum facilis voluptates vitae minus neque. Odit porro dicta inventore ratione. Officia praesentium neque dolores.', 'http://lorempixel.com/500/700/food/', '3', 40, 'Lake Queenmouth', 0);
INSERT INTO `Product` (`productID`, `name`, `brand`, `description`, `officialImage`, `labels`, `count`, `types`, `avgStars`) VALUES ('138', 'Deckow', 'Dicki-Auer', 'Aliquid voluptate eligendi facere eum tenetur dolores. Facere quasi amet molestiae a fugit. Nostrum cum nulla quis est provident.', 'http://lorempixel.com/500/700/food/', '2', 485, 'Muellerville', 5);
INSERT INTO `Product` (`productID`, `name`, `brand`, `description`, `officialImage`, `labels`, `count`, `types`, `avgStars`) VALUES ('139', 'Kiehn', 'Torp-Ward', 'Vel qui ad porro quis. Molestiae quo est totam at id nihil. Sit voluptas et sed sed autem non. Libero aut aut molestiae cum ratione corrupti.', 'http://lorempixel.com/500/700/food/', '1', 309, 'New Darryl', 1);
INSERT INTO `Product` (`productID`, `name`, `brand`, `description`, `officialImage`, `labels`, `count`, `types`, `avgStars`) VALUES ('141', 'Maggio', 'Vandervort, Ankunding and Gottlieb', 'Laborum eveniet quia fugiat. Pariatur et non itaque. Non aut quia molestiae consequatur error. Sit iste minus nemo totam quibusdam sunt.', 'http://lorempixel.com/500/700/food/', '1', 405, 'New Marcos', 1);
INSERT INTO `Product` (`productID`, `name`, `brand`, `description`, `officialImage`, `labels`, `count`, `types`, `avgStars`) VALUES ('144', 'Wolf', 'Keeling, Nienow and Haley', 'Eos expedita consequatur repellat et repellat molestias ea. Consequatur id tenetur dolor quas est pariatur fugit. Facilis optio tenetur impedit tempora ad reprehenderit quos quo.', 'http://lorempixel.com/500/700/food/', '2', 197, 'Elvaton', 1);
INSERT INTO `Product` (`productID`, `name`, `brand`, `description`, `officialImage`, `labels`, `count`, `types`, `avgStars`) VALUES ('146', 'Bergnaum', 'Cummings-Hermiston', 'Sapiente debitis molestiae fugit voluptates facere et. Laudantium perferendis corporis eligendi dicta deleniti quo dolores. Aut ab asperiores error quia omnis aut.', 'http://lorempixel.com/500/700/food/', '1', 448, 'McGlynnborough', 1);
INSERT INTO `Product` (`productID`, `name`, `brand`, `description`, `officialImage`, `labels`, `count`, `types`, `avgStars`) VALUES ('147', 'Kub', 'Kuvalis-West', 'Quis enim voluptates explicabo sit ipsa deserunt eos. Sequi ut quia sunt aut. Et maiores ut impedit enim. Repellat temporibus excepturi quia accusamus. Blanditiis nostrum delectus veniam quae dolores.', 'http://lorempixel.com/500/700/food/', '3', 5, 'East Rubyport', 4);
INSERT INTO `Product` (`productID`, `name`, `brand`, `description`, `officialImage`, `labels`, `count`, `types`, `avgStars`) VALUES ('148', 'Senger', 'Medhurst, Little and Rath', 'Sed quis eos facilis recusandae. Ea velit excepturi deleniti aut voluptatem ducimus. Tempora unde dignissimos in dolores.', 'http://lorempixel.com/500/700/food/', '', 150, 'North Denistown', 3);
INSERT INTO `Product` (`productID`, `name`, `brand`, `description`, `officialImage`, `labels`, `count`, `types`, `avgStars`) VALUES ('149', 'Kuphal', 'Schimmel, Herzog and Hudson', 'Fugit aut et sit et accusantium aperiam. Maxime minima quia et perspiciatis molestias. Et autem sed natus sunt ut omnis. Maxime sed nisi quas perferendis cumque.', 'http://lorempixel.com/500/700/food/', '2', 300, 'South Melvinaville', 3);
INSERT INTO `Product` (`productID`, `name`, `brand`, `description`, `officialImage`, `labels`, `count`, `types`, `avgStars`) VALUES ('150', 'Waelchi', 'Moore PLC', 'Et sunt dolorum tempore est error est magnam cumque. Explicabo eaque et vitae amet repudiandae. Ducimus ut omnis est est unde qui.', 'http://lorempixel.com/500/700/food/', '5', 113, 'Eraberg', 4);
INSERT INTO `Product` (`productID`, `name`, `brand`, `description`, `officialImage`, `labels`, `count`, `types`, `avgStars`) VALUES ('152', 'Gibson', 'Mayert-Cartwright', 'Illum quia quae aut eos quis aut quo. Repudiandae dolorum explicabo minima suscipit fuga adipisci. Dolorem est iure qui saepe voluptate quia sit. Repudiandae dicta quia voluptatem et aut laudantium quia. Numquam ducimus aspernatur est asperiores sit.', 'http://lorempixel.com/500/700/food/', '5', 528, 'Kunzeton', 4);
INSERT INTO `Product` (`productID`, `name`, `brand`, `description`, `officialImage`, `labels`, `count`, `types`, `avgStars`) VALUES ('155', 'Gutkowski', 'Langworth Ltd', 'Ea perferendis ipsam sit error odio nihil ratione. Cum veniam reiciendis itaque. Eum nisi rerum qui aliquid eligendi tempora.', 'http://lorempixel.com/500/700/food/', '', 400, 'Pfefferland', 4);
INSERT INTO `Product` (`productID`, `name`, `brand`, `description`, `officialImage`, `labels`, `count`, `types`, `avgStars`) VALUES ('156', 'Ruecker', 'Legros-White', 'Ea harum totam minus optio. Veniam nihil impedit aut culpa illum ipsum. Error vitae voluptate corporis deserunt nesciunt.', 'http://lorempixel.com/500/700/food/', '3', 551, 'Lucioview', 0);
INSERT INTO `Product` (`productID`, `name`, `brand`, `description`, `officialImage`, `labels`, `count`, `types`, `avgStars`) VALUES ('157', 'Boyer', 'Wolff-Nicolas', 'Et possimus iure tempore vel cumque et harum tempora. Cumque dolorum perferendis ullam dicta id perspiciatis. Fuga sed iure ab suscipit est voluptas.', 'http://lorempixel.com/500/700/food/', '1', 69, 'West Doloresfurt', 5);
INSERT INTO `Product` (`productID`, `name`, `brand`, `description`, `officialImage`, `labels`, `count`, `types`, `avgStars`) VALUES ('159', 'Hessel', 'Raynor-Barton', 'Alias dolor ea sunt dignissimos eum maxime. Facere fugiat vero laudantium dolores sunt. In nostrum consequatur voluptatem voluptatem rerum neque. Aut temporibus modi nam architecto maxime repellendus et.', 'http://lorempixel.com/500/700/food/', '5', 349, 'North Guiseppebury', 3);
INSERT INTO `Product` (`productID`, `name`, `brand`, `description`, `officialImage`, `labels`, `count`, `types`, `avgStars`) VALUES ('16', 'Ledner', 'Buckridge-Conn', 'Ut inventore sit dicta illo ex quas alias. Dolorum magnam nulla qui sint est est eum. Sed quae ullam adipisci quas porro ea.', 'http://lorempixel.com/500/700/food/', '5', 354, 'North Junius', 0);
INSERT INTO `Product` (`productID`, `name`, `brand`, `description`, `officialImage`, `labels`, `count`, `types`, `avgStars`) VALUES ('162', 'Ondricka', 'Brakus LLC', 'Ut non necessitatibus beatae quos dignissimos illum omnis. Consequatur voluptatibus enim tempora voluptatem eius. Molestias eos est vitae quis. Est voluptatem id rerum sit.', 'http://lorempixel.com/500/700/food/', '4', 550, 'Rodton', 1);
INSERT INTO `Product` (`productID`, `name`, `brand`, `description`, `officialImage`, `labels`, `count`, `types`, `avgStars`) VALUES ('167', 'Streich', 'Towne Inc', 'Vel animi ut esse omnis. Est nostrum aut pariatur rerum quam perspiciatis laudantium amet. Illo quia officia voluptatem aut a itaque sit. Aut non est quo maxime.', 'http://lorempixel.com/500/700/food/', '1', 443, 'West Princeborough', 0);
INSERT INTO `Product` (`productID`, `name`, `brand`, `description`, `officialImage`, `labels`, `count`, `types`, `avgStars`) VALUES ('17', 'Altenwerth', 'Dach-Hintz', 'Quia rem qui dolor eveniet sint excepturi. Eligendi neque quaerat sit. Ad odit molestias eos et dignissimos explicabo aperiam.', 'http://lorempixel.com/500/700/food/', '', 167, 'North Shayneshire', 4);
INSERT INTO `Product` (`productID`, `name`, `brand`, `description`, `officialImage`, `labels`, `count`, `types`, `avgStars`) VALUES ('170', 'Hintz', 'Price, Weimann and Kuphal', 'Qui quia quia omnis sit et enim eligendi. Illo dolorem tenetur optio possimus eos quis. Asperiores esse veritatis placeat omnis id aut. Doloremque nihil velit reiciendis reiciendis aut. Ut sapiente aut qui quidem odio rerum et asperiores.', 'http://lorempixel.com/500/700/food/', '1', 421, 'Andyfort', 5);
INSERT INTO `Product` (`productID`, `name`, `brand`, `description`, `officialImage`, `labels`, `count`, `types`, `avgStars`) VALUES ('172', 'Hahn', 'Lehner and Sons', 'Sunt nobis sint accusamus id eveniet dolore. Alias quae quia ipsam architecto molestiae rerum. Dolorem ducimus dolore tempora et. Ea ut et similique enim perspiciatis eaque.', 'http://lorempixel.com/500/700/food/', '3', 181, 'Lake Kamille', 5);
INSERT INTO `Product` (`productID`, `name`, `brand`, `description`, `officialImage`, `labels`, `count`, `types`, `avgStars`) VALUES ('174', 'Vandervort', 'Powlowski, West and Larson', 'Est occaecati dolor unde officia modi voluptatibus. Velit consequatur fugit ratione ea tenetur. Explicabo mollitia quidem similique commodi deserunt maxime aspernatur cumque. Consequuntur vel deleniti quaerat qui rerum.', 'http://lorempixel.com/500/700/food/', '2', 497, 'Runolfsdottirton', 1);
INSERT INTO `Product` (`productID`, `name`, `brand`, `description`, `officialImage`, `labels`, `count`, `types`, `avgStars`) VALUES ('175', 'Huels', 'Sporer, Bartell and Stamm', 'Libero sequi veritatis nihil delectus vero voluptate rerum. Soluta aut distinctio odio. Excepturi excepturi voluptate qui aut saepe qui non. Quidem ipsam ipsum vitae quo dicta debitis.', 'http://lorempixel.com/500/700/food/', '4', 127, 'North Giovannyside', 1);
INSERT INTO `Product` (`productID`, `name`, `brand`, `description`, `officialImage`, `labels`, `count`, `types`, `avgStars`) VALUES ('176', 'Wiegand', 'Schaefer, Cummerata and Hand', 'Distinctio voluptatem cumque ut quo deleniti. Quibusdam soluta qui molestiae vero possimus ea. Dicta repellendus quibusdam non eveniet rem ut. Dicta et modi qui aut natus.', 'http://lorempixel.com/500/700/food/', '5', 552, 'New Ivaland', 5);
INSERT INTO `Product` (`productID`, `name`, `brand`, `description`, `officialImage`, `labels`, `count`, `types`, `avgStars`) VALUES ('179', 'Haag', 'Walter, Hyatt and Wisoky', 'Natus minima neque iusto amet. Cupiditate dolores suscipit rerum repellendus a. Veritatis et doloribus debitis facilis distinctio veritatis. Corporis tempora ipsa expedita ea optio. Mollitia cumque exercitationem velit voluptas eum consequuntur.', 'http://lorempixel.com/500/700/food/', '', 171, 'Beerhaven', 0);
INSERT INTO `Product` (`productID`, `name`, `brand`, `description`, `officialImage`, `labels`, `count`, `types`, `avgStars`) VALUES ('18', 'Stokes', 'Ernser LLC', 'Sequi et placeat aut voluptatem aspernatur accusantium natus. Aut voluptas reiciendis consectetur similique laborum. Tempore officia maiores aut magnam consectetur omnis. Ea illum reprehenderit facere libero.', 'http://lorempixel.com/500/700/food/', '4', 288, 'Lincolnfort', 3);
INSERT INTO `Product` (`productID`, `name`, `brand`, `description`, `officialImage`, `labels`, `count`, `types`, `avgStars`) VALUES ('183', 'Roob', 'Rippin-Hand', 'Laboriosam voluptas eius aliquid eos dolorem rerum. Aperiam vel odit et et consectetur expedita.', 'http://lorempixel.com/500/700/food/', '5', 322, 'South Eltonview', 2);
INSERT INTO `Product` (`productID`, `name`, `brand`, `description`, `officialImage`, `labels`, `count`, `types`, `avgStars`) VALUES ('184', 'Homenick', 'Bahringer-Bins', 'Aut magni autem animi nam soluta. Maiores saepe commodi est enim. Atque veritatis sunt distinctio vel non. Reiciendis et ut in itaque nobis sit est. Ipsa quasi officia in qui aut.', 'http://lorempixel.com/500/700/food/', '2', 540, 'Jarrellhaven', 1);
INSERT INTO `Product` (`productID`, `name`, `brand`, `description`, `officialImage`, `labels`, `count`, `types`, `avgStars`) VALUES ('185', 'Huels', 'Tillman-Sipes', 'Error minima ad animi officiis consectetur voluptatum. Sed et numquam animi repellat commodi modi quis. Et aut impedit accusamus iure aperiam nulla qui. Eos dolor qui qui esse et veritatis.', 'http://lorempixel.com/500/700/food/', '5', 148, 'North Tatyanaton', 2);
INSERT INTO `Product` (`productID`, `name`, `brand`, `description`, `officialImage`, `labels`, `count`, `types`, `avgStars`) VALUES ('186', 'Spinka', 'McKenzie, Douglas and Hills', 'Repudiandae quaerat id ut laudantium. Reprehenderit dolores et eos maiores libero ipsa maxime. Modi similique autem cumque esse et impedit dicta. Voluptates dolorum omnis repellat quisquam velit.', 'http://lorempixel.com/500/700/food/', '2', 304, 'Port Aisha', 0);
INSERT INTO `Product` (`productID`, `name`, `brand`, `description`, `officialImage`, `labels`, `count`, `types`, `avgStars`) VALUES ('189', 'Grady', 'Krajcik, Lemke and Homenick', 'Similique ad dolorum at ut aut consequatur. Minus culpa tempore cumque saepe modi et autem ipsa. Qui et voluptates dolorem delectus. Eveniet earum iure itaque eos.', 'http://lorempixel.com/500/700/food/', '', 59, 'Bartellfurt', 0);
INSERT INTO `Product` (`productID`, `name`, `brand`, `description`, `officialImage`, `labels`, `count`, `types`, `avgStars`) VALUES ('19', 'Yundt', 'Bechtelar-Rosenbaum', 'Sapiente ex non expedita sit omnis. Aliquam est vel aut beatae ipsam et laboriosam ut. Et sed magnam cumque sit.', 'http://lorempixel.com/500/700/food/', '5', 88, 'New Charityland', 5);
INSERT INTO `Product` (`productID`, `name`, `brand`, `description`, `officialImage`, `labels`, `count`, `types`, `avgStars`) VALUES ('190', 'Hoppe', 'Ullrich-Borer', 'Quis officia est omnis aperiam iste consequuntur unde. Optio eveniet aut hic perspiciatis sunt. Iure nostrum ut voluptatum molestiae assumenda ratione.', 'http://lorempixel.com/500/700/food/', '4', 270, 'Hermannmouth', 2);
INSERT INTO `Product` (`productID`, `name`, `brand`, `description`, `officialImage`, `labels`, `count`, `types`, `avgStars`) VALUES ('191', 'Lubowitz', 'Schuppe, Metz and Kassulke', 'Aspernatur ullam quae et deleniti accusantium in. Ut ad aut tenetur architecto enim. Culpa sit eius ea accusantium aut. Reiciendis repudiandae amet dolorem voluptas.', 'http://lorempixel.com/500/700/food/', '', 406, 'Zemlakfurt', 5);
INSERT INTO `Product` (`productID`, `name`, `brand`, `description`, `officialImage`, `labels`, `count`, `types`, `avgStars`) VALUES ('194', 'Brakus', 'Kihn-Kozey', 'Soluta expedita soluta cupiditate eveniet molestias est. Ipsa aspernatur laudantium est nihil nemo ex. Sit necessitatibus sed sint. Suscipit laborum cupiditate nulla saepe.', 'http://lorempixel.com/500/700/food/', '2', 341, 'Port Antonio', 3);
INSERT INTO `Product` (`productID`, `name`, `brand`, `description`, `officialImage`, `labels`, `count`, `types`, `avgStars`) VALUES ('195', 'Romaguera', 'Ondricka, Skiles and Spinka', 'Dolorem sunt veniam sed magnam facilis. Nihil debitis impedit autem omnis labore.', 'http://lorempixel.com/500/700/food/', '3', 305, 'East Bernadettefort', 0);
INSERT INTO `Product` (`productID`, `name`, `brand`, `description`, `officialImage`, `labels`, `count`, `types`, `avgStars`) VALUES ('196', 'Gleichner', 'Jacobi Inc', 'Quis voluptatem porro ut quibusdam. Voluptatem et libero est nesciunt sapiente quia est consequatur. Nostrum hic voluptas laudantium aut est velit.', 'http://lorempixel.com/500/700/food/', '4', 223, 'Vandervortshire', 0);
INSERT INTO `Product` (`productID`, `name`, `brand`, `description`, `officialImage`, `labels`, `count`, `types`, `avgStars`) VALUES ('197', 'Gulgowski', 'Harber-Spencer', 'Qui voluptatem qui velit praesentium eveniet. Assumenda sunt voluptatem rerum provident accusamus. Asperiores atque illo quam officia iste cum deserunt ut.', 'http://lorempixel.com/500/700/food/', '1', 472, 'North Darion', 0);
INSERT INTO `Product` (`productID`, `name`, `brand`, `description`, `officialImage`, `labels`, `count`, `types`, `avgStars`) VALUES ('200', 'Stoltenberg', 'Schulist Inc', 'Repudiandae aut qui at et et qui. Sed magni harum libero. Harum tenetur quia omnis atque eos perspiciatis.', 'http://lorempixel.com/500/700/food/', '4', 262, 'Port Brownstad', 0);
INSERT INTO `Product` (`productID`, `name`, `brand`, `description`, `officialImage`, `labels`, `count`, `types`, `avgStars`) VALUES ('23', 'Schaden', 'Feeney, Greenfelder and Crona', 'Quaerat quia sunt cupiditate est et vel eum. Repellat alias illum nulla dolorem hic quis dignissimos. Et est et neque tempore et. Dolor quis odit cum maiores. Illo repellendus ipsam iusto veritatis illum est dolorum.', 'http://lorempixel.com/500/700/food/', '3', 182, 'Jaskolskishire', 0);
INSERT INTO `Product` (`productID`, `name`, `brand`, `description`, `officialImage`, `labels`, `count`, `types`, `avgStars`) VALUES ('28', 'Zboncak', 'Rowe, Greenholt and Leffler', 'Consequatur laborum nemo at sit ratione rerum quis earum. Enim ratione repudiandae adipisci. Omnis nostrum velit molestiae enim distinctio eligendi facilis fugiat. Commodi dolor eum quis molestias nobis sunt.', 'http://lorempixel.com/500/700/food/', '5', 545, 'New Dillon', 2);
INSERT INTO `Product` (`productID`, `name`, `brand`, `description`, `officialImage`, `labels`, `count`, `types`, `avgStars`) VALUES ('29', 'Hansen', 'Fay LLC', 'Quasi eius quae voluptatem sequi et esse. Est optio perspiciatis consequatur itaque aut dolorem. Nisi dolorem a voluptas corporis.', 'http://lorempixel.com/500/700/food/', '3', 401, 'East Citlallistad', 5);
INSERT INTO `Product` (`productID`, `name`, `brand`, `description`, `officialImage`, `labels`, `count`, `types`, `avgStars`) VALUES ('34', 'Streich', 'Monahan Inc', 'Aspernatur explicabo odit ex et omnis. Corrupti adipisci ratione quibusdam natus quas dolorum facere. Quia reiciendis ut maxime est expedita. Est nostrum sit repellat veniam nihil deserunt repellat facere.', 'http://lorempixel.com/500/700/food/', '4', 271, 'West Tyrellmouth', 5);
INSERT INTO `Product` (`productID`, `name`, `brand`, `description`, `officialImage`, `labels`, `count`, `types`, `avgStars`) VALUES ('37', 'Hettinger', 'Haag-Stroman', 'Tempora deleniti ipsam incidunt sapiente. Suscipit ea suscipit ipsam dolor distinctio nihil saepe. Nulla ea alias consequatur occaecati dolor distinctio aut. Dolorum excepturi culpa incidunt.', 'http://lorempixel.com/500/700/food/', '3', 209, 'Port Jacklynmouth', 5);
INSERT INTO `Product` (`productID`, `name`, `brand`, `description`, `officialImage`, `labels`, `count`, `types`, `avgStars`) VALUES ('39', 'Miller', 'Kris Inc', 'Tenetur sapiente qui est facilis mollitia suscipit laborum. Iure ut dignissimos labore quia consequatur dolorem repellat.', 'http://lorempixel.com/500/700/food/', '4', 282, 'East Effieborough', 5);
INSERT INTO `Product` (`productID`, `name`, `brand`, `description`, `officialImage`, `labels`, `count`, `types`, `avgStars`) VALUES ('40', 'Wiza', 'Lockman LLC', 'Esse in minus officia cupiditate dignissimos. Voluptates officiis consectetur officia laborum voluptate. Architecto adipisci minima voluptas quasi provident.', 'http://lorempixel.com/500/700/food/', '2', 255, 'Lake Shawnport', 4);
INSERT INTO `Product` (`productID`, `name`, `brand`, `description`, `officialImage`, `labels`, `count`, `types`, `avgStars`) VALUES ('42', 'Daugherty', 'Kihn, Bode and Kirlin', 'Alias tenetur ut repellat enim eaque at nisi. Labore odit est ex facere repellat ipsa. Esse soluta fugit est quis est. Consequatur sapiente mollitia ipsam placeat mollitia aut delectus.', 'http://lorempixel.com/500/700/food/', '2', 226, 'West Alvisbury', 4);
INSERT INTO `Product` (`productID`, `name`, `brand`, `description`, `officialImage`, `labels`, `count`, `types`, `avgStars`) VALUES ('49', 'Hermann', 'Donnelly Group', 'Earum tenetur omnis voluptatem reiciendis corrupti et sapiente architecto. Cupiditate ducimus aperiam soluta excepturi architecto hic sunt hic. Cupiditate deserunt unde voluptatibus aut et sunt. Omnis numquam qui magni consequuntur soluta.', 'http://lorempixel.com/500/700/food/', '5', 136, 'West Tremayne', 0);
INSERT INTO `Product` (`productID`, `name`, `brand`, `description`, `officialImage`, `labels`, `count`, `types`, `avgStars`) VALUES ('50', 'Feest', 'Green, Witting and Hessel', 'Perspiciatis accusantium aut vel eos. Eligendi repellat eveniet repudiandae hic repudiandae consectetur. Perspiciatis esse nesciunt tempora qui tempore consectetur velit.', 'http://lorempixel.com/500/700/food/', '', 130, 'East Isobel', 1);
INSERT INTO `Product` (`productID`, `name`, `brand`, `description`, `officialImage`, `labels`, `count`, `types`, `avgStars`) VALUES ('51', 'Abernathy', 'Koss, Blanda and Kunde', 'Cumque quaerat nihil laudantium animi. Assumenda rem vero nihil. Impedit expedita qui ad dolores. Dolores dolor exercitationem non quia.', 'http://lorempixel.com/500/700/food/', '4', 450, 'Kayleighside', 2);
INSERT INTO `Product` (`productID`, `name`, `brand`, `description`, `officialImage`, `labels`, `count`, `types`, `avgStars`) VALUES ('53', 'Windler', 'Koss, Johnston and Zieme', 'Voluptatem praesentium et et cupiditate delectus. Ratione veniam nostrum sed quae odio eos eum. Deserunt at earum earum expedita repellat.', 'http://lorempixel.com/500/700/food/', '3', 30, 'Lake Ignatiusfurt', 3);
INSERT INTO `Product` (`productID`, `name`, `brand`, `description`, `officialImage`, `labels`, `count`, `types`, `avgStars`) VALUES ('55', 'Block', 'Hermann, Brown and Bogan', 'Dolores asperiores officiis aut fugit. Voluptatum aperiam voluptas architecto quis explicabo. Nihil delectus officia qui similique nihil. Est aspernatur qui provident non dolorum eos.', 'http://lorempixel.com/500/700/food/', '1', 539, 'Haneside', 1);
INSERT INTO `Product` (`productID`, `name`, `brand`, `description`, `officialImage`, `labels`, `count`, `types`, `avgStars`) VALUES ('56', 'Prohaska', 'Gibson Ltd', 'Qui qui aut quia pariatur sunt et architecto. Ea et corporis atque cum. Quae assumenda suscipit odio est suscipit. Totam consequuntur ipsa harum illum quia.', 'http://lorempixel.com/500/700/food/', '5', 170, 'Deonteton', 2);
INSERT INTO `Product` (`productID`, `name`, `brand`, `description`, `officialImage`, `labels`, `count`, `types`, `avgStars`) VALUES ('57', 'Kutch', 'Stamm Inc', 'Laudantium laboriosam et at fuga. Voluptatum qui eos explicabo. Aspernatur voluptatem et qui. Dolorem soluta quo illo nulla laudantium enim facilis.', 'http://lorempixel.com/500/700/food/', '5', 18, 'Jaydonshire', 3);
INSERT INTO `Product` (`productID`, `name`, `brand`, `description`, `officialImage`, `labels`, `count`, `types`, `avgStars`) VALUES ('59', 'Hermann', 'Eichmann-Wintheiser', 'Voluptatem quo maxime commodi consequatur dolores atque sit. Officia est doloribus at in aliquam unde molestiae. Doloribus voluptate laborum non voluptatem similique doloremque. Voluptate iusto temporibus maxime. Voluptatem architecto qui debitis et aperia', 'http://lorempixel.com/500/700/food/', '4', 487, 'Anahiview', 4);
INSERT INTO `Product` (`productID`, `name`, `brand`, `description`, `officialImage`, `labels`, `count`, `types`, `avgStars`) VALUES ('61', 'Stoltenberg', 'Rolfson-Leannon', 'Exercitationem eveniet error aut tempore quisquam error. Ipsum et nulla accusamus soluta reprehenderit nihil veniam. Soluta explicabo optio accusantium nisi ex et in at.', 'http://lorempixel.com/500/700/food/', '3', 356, 'East Kyle', 4);
INSERT INTO `Product` (`productID`, `name`, `brand`, `description`, `officialImage`, `labels`, `count`, `types`, `avgStars`) VALUES ('69', 'Reichert', 'Harvey, O\'Kon and Farrell', 'Vel aspernatur possimus et sit. Laudantium quasi accusantium esse assumenda. Voluptatem recusandae minima perspiciatis aperiam quo quia. Aliquid ipsam tempore atque eos deleniti adipisci tempora.', 'http://lorempixel.com/500/700/food/', '5', 436, 'Jeradton', 2);
INSERT INTO `Product` (`productID`, `name`, `brand`, `description`, `officialImage`, `labels`, `count`, `types`, `avgStars`) VALUES ('70', 'Runolfsson', 'Douglas-Murray', 'Nemo soluta sit quis iste velit harum aliquam qui. Sint tenetur est ut numquam. Qui impedit architecto id consequatur. Aut iusto necessitatibus nemo possimus.', 'http://lorempixel.com/500/700/food/', '5', 90, 'Dejahshire', 3);
INSERT INTO `Product` (`productID`, `name`, `brand`, `description`, `officialImage`, `labels`, `count`, `types`, `avgStars`) VALUES ('71', 'Kemmer', 'White-Torp', 'Dignissimos et aspernatur eligendi accusamus. Eos qui minima nulla temporibus ut doloribus hic. Voluptatem aliquam non perspiciatis qui quidem totam aliquid. Culpa maiores sed autem quis et officiis.', 'http://lorempixel.com/500/700/food/', '', 49, 'Doyleburgh', 5);
INSERT INTO `Product` (`productID`, `name`, `brand`, `description`, `officialImage`, `labels`, `count`, `types`, `avgStars`) VALUES ('72', 'Bartell', 'Aufderhar, Lind and Schultz', 'Odio ut a qui excepturi labore autem. Molestias dolore non minus quod consequatur nisi. Placeat distinctio autem dolorem. Non alias quae sunt dicta consequatur excepturi debitis.', 'http://lorempixel.com/500/700/food/', '4', 245, 'Cliftonchester', 0);
INSERT INTO `Product` (`productID`, `name`, `brand`, `description`, `officialImage`, `labels`, `count`, `types`, `avgStars`) VALUES ('73', 'Schamberger', 'Huel, Bernier and Weber', 'Id asperiores enim itaque commodi. Odit sunt ipsam similique id dicta molestiae commodi. Sit dolores temporibus architecto omnis. Officiis mollitia ipsam autem corrupti fugiat est laudantium consequatur. Natus omnis nesciunt placeat aperiam.', 'http://lorempixel.com/500/700/food/', '3', 506, 'Lake Vivien', 1);
INSERT INTO `Product` (`productID`, `name`, `brand`, `description`, `officialImage`, `labels`, `count`, `types`, `avgStars`) VALUES ('74', 'Koelpin', 'Hessel, Pfeffer and Considine', 'Fugiat velit hic omnis autem beatae reiciendis explicabo. Quasi quia nihil inventore sed consequatur. Dolores culpa ipsa maxime est. Deserunt et delectus ut itaque commodi.', 'http://lorempixel.com/500/700/food/', '2', 529, 'West Rollinshire', 0);
INSERT INTO `Product` (`productID`, `name`, `brand`, `description`, `officialImage`, `labels`, `count`, `types`, `avgStars`) VALUES ('75', 'Trantow', 'Mante and Sons', 'Repellendus officia vel vitae occaecati libero. In sunt quaerat vitae voluptates asperiores numquam. Sint qui ut voluptates reiciendis est labore. Velit repellendus deserunt odio aliquam.', 'http://lorempixel.com/500/700/food/', '3', 398, 'Waelchifort', 3);
INSERT INTO `Product` (`productID`, `name`, `brand`, `description`, `officialImage`, `labels`, `count`, `types`, `avgStars`) VALUES ('76', 'Heathcote', 'Skiles, Hickle and Feest', 'At aspernatur dolores similique sed tempore et. Non ipsum nihil qui beatae. Itaque ut a vel modi facilis optio doloribus. Distinctio laudantium ut qui et.', 'http://lorempixel.com/500/700/food/', '4', 23, 'Mikaylahaven', 5);
INSERT INTO `Product` (`productID`, `name`, `brand`, `description`, `officialImage`, `labels`, `count`, `types`, `avgStars`) VALUES ('78', 'Bernhard', 'Langworth-Simonis', 'Iusto voluptas dolorem atque expedita. Amet quis vero ut laudantium. Aut voluptas dolore iste quam. Placeat qui officiis libero qui et.', 'http://lorempixel.com/500/700/food/', '3', 522, 'Ardenmouth', 2);
INSERT INTO `Product` (`productID`, `name`, `brand`, `description`, `officialImage`, `labels`, `count`, `types`, `avgStars`) VALUES ('81', 'Huels', 'Upton LLC', 'Odio reprehenderit et eum eos vel. Cum aliquam eos et animi aut fugit. Necessitatibus vel ut provident velit sunt ut vero.', 'http://lorempixel.com/500/700/food/', '4', 536, 'Lake Kendrickfurt', 3);
INSERT INTO `Product` (`productID`, `name`, `brand`, `description`, `officialImage`, `labels`, `count`, `types`, `avgStars`) VALUES ('85', 'Marvin', 'Will-Stark', 'In ex officia praesentium fugiat eos. Cum quisquam molestias est voluptatem eveniet autem ea. Doloremque et reiciendis aut aperiam possimus non. Dolore esse tempora quia voluptas qui soluta aut.', 'http://lorempixel.com/500/700/food/', '5', 339, 'Jovannymouth', 2);
INSERT INTO `Product` (`productID`, `name`, `brand`, `description`, `officialImage`, `labels`, `count`, `types`, `avgStars`) VALUES ('86', 'Wolff', 'Mante, Schaefer and Wehner', 'Perspiciatis voluptates aut molestias. Impedit unde veniam iste animi. Deserunt unde vitae repellendus aut aut. Aspernatur inventore autem vitae omnis.', 'http://lorempixel.com/500/700/food/', '3', 23, 'New Kadeland', 5);
INSERT INTO `Product` (`productID`, `name`, `brand`, `description`, `officialImage`, `labels`, `count`, `types`, `avgStars`) VALUES ('87', 'Kuvalis', 'Bode, Gleason and Effertz', 'Libero aliquam consequatur perspiciatis. Omnis et voluptate repudiandae odit. Earum eius rerum distinctio molestiae. Aspernatur suscipit autem soluta quam optio doloribus explicabo.', 'http://lorempixel.com/500/700/food/', '4', 120, 'Walterchester', 5);
INSERT INTO `Product` (`productID`, `name`, `brand`, `description`, `officialImage`, `labels`, `count`, `types`, `avgStars`) VALUES ('88', 'Pfeffer', 'Mayer-Mueller', 'Possimus provident est esse voluptatem a. Quia beatae non voluptas velit est non. Sed aut voluptatum inventore quia.', 'http://lorempixel.com/500/700/food/', '2', 378, 'Thielshire', 4);
INSERT INTO `Product` (`productID`, `name`, `brand`, `description`, `officialImage`, `labels`, `count`, `types`, `avgStars`) VALUES ('91', 'Collier', 'Boyer, Olson and Cronin', 'Rerum omnis nesciunt voluptatem. Rerum nulla impedit et voluptatem quia odio. Accusamus quos dignissimos deserunt. In sit dicta aut nostrum beatae harum. Officia sit sapiente deserunt nam similique.', 'http://lorempixel.com/500/700/food/', '2', 304, 'Halvorsonmouth', 0);
INSERT INTO `Product` (`productID`, `name`, `brand`, `description`, `officialImage`, `labels`, `count`, `types`, `avgStars`) VALUES ('92', 'Bogan', 'Parker Ltd', 'Cupiditate est sit atque facere voluptatem cum tempore. Accusamus eius accusamus tempore quae. Rerum voluptates ad odit ut. Non quia facere et ut mollitia.', 'http://lorempixel.com/500/700/food/', '', 318, 'Streichville', 4);
INSERT INTO `Product` (`productID`, `name`, `brand`, `description`, `officialImage`, `labels`, `count`, `types`, `avgStars`) VALUES ('93', 'Fritsch', 'Jones-Ziemann', 'Tempore hic et aut voluptas in sunt blanditiis. Maiores ullam exercitationem a et officiis sapiente dignissimos delectus. Qui facilis exercitationem ipsam quas. Corporis alias fugit quia sint sapiente vitae. Veniam libero quo fuga sed fugit omnis ut.', 'http://lorempixel.com/500/700/food/', '3', 521, 'South Sammyborough', 1);
INSERT INTO `Product` (`productID`, `name`, `brand`, `description`, `officialImage`, `labels`, `count`, `types`, `avgStars`) VALUES ('95', 'Johns', 'Legros, Green and Trantow', 'Cupiditate est aut reiciendis fugiat. Quasi ab nostrum hic ut quam ut. Eum vel omnis suscipit ut. Repellat autem tenetur dicta qui magnam aut ut. Fuga autem expedita ut sed.', 'http://lorempixel.com/500/700/food/', '3', 279, 'West Zella', 0);
INSERT INTO `Product` (`productID`, `name`, `brand`, `description`, `officialImage`, `labels`, `count`, `types`, `avgStars`) VALUES ('96', 'Larson', 'Koepp Inc', 'Mollitia qui labore voluptatem impedit. Quia non reiciendis et voluptatem. Asperiores aut quaerat voluptas magni voluptatum iste sunt.', 'http://lorempixel.com/500/700/food/', '4', 372, 'Creminland', 0);
INSERT INTO `Product` (`productID`, `name`, `brand`, `description`, `officialImage`, `labels`, `count`, `types`, `avgStars`) VALUES ('97', 'Wilkinson', 'Kuhlman-Breitenberg', 'Corrupti molestiae officiis quo sequi quo ipsa. Omnis nemo vero eos vitae vitae. Provident soluta fuga voluptatem voluptatem temporibus. Harum delectus occaecati reiciendis illo velit aliquid soluta.', 'http://lorempixel.com/500/700/food/', '1', 402, 'Metzshire', 4);
INSERT INTO `Product` (`productID`, `name`, `brand`, `description`, `officialImage`, `labels`, `count`, `types`, `avgStars`) VALUES ('98', 'Lakin', 'Rolfson and Sons', 'Est pariatur voluptates illo nesciunt incidunt sint mollitia. Aut fugiat doloribus ea rerum. Non omnis et dolor voluptate nihil ut qui. Et voluptates ea dolores quis unde odit.', 'http://lorempixel.com/500/700/food/', '1', 557, 'West Rickeytown', 1);


#
# TABLE STRUCTURE FOR: Rating
#

INSERT INTO `Rating` (`ratingID`, `description`, `friends`, `timestamp`, `stars`, `voteNum`, `locationID`, `productID`, `userID`, `commentNum`, `images`, `labels`, `types`) VALUES ('100', 'Quae voluptatum sed ut distinctio ut assumenda soluta. Iure libero atque quod quidem qui. Adipisci sint occaecati est explicabo eum error inventore. Occaecati ut incidunt vero doloremque rerum facere.', '114', '1999-12-17', '0', 259, '112', '112', '114', 65, 'http://lorempixel.com/500/800/food/', '1', 'Creminland');
INSERT INTO `Rating` (`ratingID`, `description`, `friends`, `timestamp`, `stars`, `voteNum`, `locationID`, `productID`, `userID`, `commentNum`, `images`, `labels`, `types`) VALUES ('101', 'Earum ipsa voluptatem impedit saepe. Qui fugit et temporibus mollitia rem. Aut magnam ea sit eum minima quia beatae ea.', '281', '1974-08-02', '0', 170, '5', '51', '281', 72, 'http://lorempixel.com/500/800/food/', '2', 'Port Jacklynmouth');
INSERT INTO `Rating` (`ratingID`, `description`, `friends`, `timestamp`, `stars`, `voteNum`, `locationID`, `productID`, `userID`, `commentNum`, `images`, `labels`, `types`) VALUES ('103', 'Minus reiciendis amet voluptatum aut quod quaerat. Beatae maiores unde delectus magni consequatur reprehenderit veniam. Error voluptatem esse dolore omnis ea.', '120', '1990-02-12', '0', 62, '116', '118', '120', 61, 'http://lorempixel.com/500/800/food/', '3', 'East Bernadettefort');
INSERT INTO `Rating` (`ratingID`, `description`, `friends`, `timestamp`, `stars`, `voteNum`, `locationID`, `productID`, `userID`, `commentNum`, `images`, `labels`, `types`) VALUES ('104', 'Quas qui illo fugiat dolor expedita. Rerum at consequatur ipsam autem non dolore.', '5', '1997-04-05', '3', 189, '70', '76', '5', 3, 'http://lorempixel.com/500/800/food/', '2', 'Walterchester');
INSERT INTO `Rating` (`ratingID`, `description`, `friends`, `timestamp`, `stars`, `voteNum`, `locationID`, `productID`, `userID`, `commentNum`, `images`, `labels`, `types`) VALUES ('111', 'Non velit eaque placeat commodi tenetur. Doloribus quia id quis et ut nostrum. Temporibus atque et expedita officia itaque. Qui blanditiis distinctio ea sed ipsa.', '113', '1981-01-11', '0', 109, '111', '110', '113', 19, 'http://lorempixel.com/500/800/food/', '5', 'Cliftonchester');
INSERT INTO `Rating` (`ratingID`, `description`, `friends`, `timestamp`, `stars`, `voteNum`, `locationID`, `productID`, `userID`, `commentNum`, `images`, `labels`, `types`) VALUES ('113', 'In perspiciatis velit quo. Sit eum omnis et nostrum. Distinctio delectus fugit unde aliquid sequi suscipit. Animi ut quisquam nobis cumque voluptatum non quas nisi. Quaerat rerum debitis minima non fuga.', '186', '2010-03-30', '5', 53, '159', '150', '186', 37, 'http://lorempixel.com/500/800/food/', '4', 'Kunzeton');
INSERT INTO `Rating` (`ratingID`, `description`, `friends`, `timestamp`, `stars`, `voteNum`, `locationID`, `productID`, `userID`, `commentNum`, `images`, `labels`, `types`) VALUES ('115', 'Nihil blanditiis mollitia nesciunt atque aspernatur assumenda. Qui facere id qui dolorem et. Repellat rerum laboriosam aspernatur quae mollitia.', '96', '1988-08-03', '3', 4, '94', '97', '96', 146, 'http://lorempixel.com/500/800/food/', '3', 'Yundtbury');
INSERT INTO `Rating` (`ratingID`, `description`, `friends`, `timestamp`, `stars`, `voteNum`, `locationID`, `productID`, `userID`, `commentNum`, `images`, `labels`, `types`) VALUES ('116', 'Exercitationem rem veritatis sunt. Quia eaque accusamus ipsam aut omnis. Non itaque magni reprehenderit et. Quia quisquam vero fugit ut iure architecto animi veniam.', '10', '1974-09-12', '0', 161, '104', '102', '10', 50, 'http://lorempixel.com/500/800/food/', '5', 'Anahiview');
INSERT INTO `Rating` (`ratingID`, `description`, `friends`, `timestamp`, `stars`, `voteNum`, `locationID`, `productID`, `userID`, `commentNum`, `images`, `labels`, `types`) VALUES ('122', 'Voluptatem sed cupiditate illo qui eveniet ullam voluptatem. Corrupti aperiam non et sunt. Velit eum et ex molestias eum ipsum consequuntur.', '222', '1992-08-29', '2', 252, '19', '183', '222', 206, 'http://lorempixel.com/500/800/food/', '', 'New Dillon');
INSERT INTO `Rating` (`ratingID`, `description`, `friends`, `timestamp`, `stars`, `voteNum`, `locationID`, `productID`, `userID`, `commentNum`, `images`, `labels`, `types`) VALUES ('124', 'Error repudiandae tenetur quia perspiciatis soluta eos iure. Aliquid aut ea veniam dolor at quos placeat. Animi voluptatibus quisquam eum fuga.', '235', '2008-06-28', '4', 66, '197', '189', '235', 159, 'http://lorempixel.com/500/800/food/', '2', 'New Marcos');
INSERT INTO `Rating` (`ratingID`, `description`, `friends`, `timestamp`, `stars`, `voteNum`, `locationID`, `productID`, `userID`, `commentNum`, `images`, `labels`, `types`) VALUES ('125', 'Quis quasi nobis perspiciatis. Recusandae adipisci voluptatum et expedita dignissimos fugit consequatur. Ad cupiditate ut id in reprehenderit nihil dolore. Et earum eveniet quisquam sed velit consequuntur illum.', '219', '1999-09-02', '4', 314, '188', '179', '219', 223, 'http://lorempixel.com/500/800/food/', '5', 'New Darenborough');
INSERT INTO `Rating` (`ratingID`, `description`, `friends`, `timestamp`, `stars`, `voteNum`, `locationID`, `productID`, `userID`, `commentNum`, `images`, `labels`, `types`) VALUES ('129', 'Blanditiis voluptas quia maiores quaerat. Beatae consectetur dolores unde rem. Perspiciatis qui officiis quisquam.', '189', '1983-07-14', '4', 282, '161', '152', '189', 59, 'http://lorempixel.com/500/800/food/', '2', 'Lake Ignatiusfurt');
INSERT INTO `Rating` (`ratingID`, `description`, `friends`, `timestamp`, `stars`, `voteNum`, `locationID`, `productID`, `userID`, `commentNum`, `images`, `labels`, `types`) VALUES ('132', 'Quo incidunt aut quis eius debitis. Ratione voluptate distinctio libero ut ea doloremque qui. Molestiae impedit qui aspernatur. Dolorum et laudantium est voluptates eligendi.', '237', '2016-01-16', '3', 43, '199', '190', '237', 180, 'http://lorempixel.com/500/800/food/', '', 'North Corrine');
INSERT INTO `Rating` (`ratingID`, `description`, `friends`, `timestamp`, `stars`, `voteNum`, `locationID`, `productID`, `userID`, `commentNum`, `images`, `labels`, `types`) VALUES ('137', 'Iusto quo est et maiores vel adipisci. Voluptate non ducimus eligendi architecto. Unde labore voluptatem vel saepe autem.', '142', '1981-05-02', '4', 10, '131', '132', '142', 178, 'http://lorempixel.com/500/800/food/', '3', 'Halvorsonmouth');
INSERT INTO `Rating` (`ratingID`, `description`, `friends`, `timestamp`, `stars`, `voteNum`, `locationID`, `productID`, `userID`, `commentNum`, `images`, `labels`, `types`) VALUES ('139', 'Doloremque et sunt cum id sit. Maxime porro et error nobis. Quia est dolores cumque quae.', '202', '1992-03-23', '5', 4, '177', '167', '202', 156, 'http://lorempixel.com/500/800/food/', '', 'Lucioview');
INSERT INTO `Rating` (`ratingID`, `description`, `friends`, `timestamp`, `stars`, `voteNum`, `locationID`, `productID`, `userID`, `commentNum`, `images`, `labels`, `types`) VALUES ('14', 'Officia aut ea aut ut ullam. Cupiditate ullam voluptatem aspernatur omnis ut laborum rerum. Ex vitae quia et autem aut nihil dolores. Error pariatur totam voluptates qui quas debitis.', '108', '2014-02-12', '3', 288, '110', '11', '108', 111, 'http://lorempixel.com/500/800/food/', '', 'Beerhaven');
INSERT INTO `Rating` (`ratingID`, `description`, `friends`, `timestamp`, `stars`, `voteNum`, `locationID`, `productID`, `userID`, `commentNum`, `images`, `labels`, `types`) VALUES ('142', 'Unde cum earum officiis expedita magnam similique cupiditate. Enim esse non labore et voluptas qui. Dolorum facere adipisci ut qui ab corrupti velit.', '39', '1983-03-02', '3', 35, '63', '72', '39', 170, 'http://lorempixel.com/500/800/food/', '2', 'Vandervortshire');
INSERT INTO `Rating` (`ratingID`, `description`, `friends`, `timestamp`, `stars`, `voteNum`, `locationID`, `productID`, `userID`, `commentNum`, `images`, `labels`, `types`) VALUES ('146', 'Magni rerum quis maiores cupiditate tempore. Itaque laboriosam voluptatem deleniti aperiam. Expedita ut velit nemo nemo non commodi magnam.', '279', '1990-10-28', '4', 220, '49', '50', '279', 64, 'http://lorempixel.com/500/800/food/', '', 'Port Darrenhaven');
INSERT INTO `Rating` (`ratingID`, `description`, `friends`, `timestamp`, `stars`, `voteNum`, `locationID`, `productID`, `userID`, `commentNum`, `images`, `labels`, `types`) VALUES ('147', 'Dolorum aut molestiae error qui distinctio. Mollitia sit dolorem est molestiae vitae. Eum optio eveniet laudantium ullam molestiae aut quo.', '174', '2013-03-09', '2', 196, '152', '146', '174', 45, 'http://lorempixel.com/500/800/food/', '', 'Kaileemouth');
INSERT INTO `Rating` (`ratingID`, `description`, `friends`, `timestamp`, `stars`, `voteNum`, `locationID`, `productID`, `userID`, `commentNum`, `images`, `labels`, `types`) VALUES ('149', 'Quasi cumque laboriosam et est labore quaerat fugiat. Quidem aut est quo incidunt eaque quae. Deleniti odit nostrum corporis doloribus cupiditate aut dolor omnis.', '33', '2007-12-24', '2', 56, '62', '71', '33', 65, 'http://lorempixel.com/500/800/food/', '5', 'Toyton');
INSERT INTO `Rating` (`ratingID`, `description`, `friends`, `timestamp`, `stars`, `voteNum`, `locationID`, `productID`, `userID`, `commentNum`, `images`, `labels`, `types`) VALUES ('152', 'Consequuntur nobis ea voluptatem ad recusandae. Possimus qui cupiditate ullam eum. In ut excepturi voluptas molestias. Id dolorem quo corporis aut nam ut rerum.', '13', '2010-08-11', '1', 83, '123', '121', '13', 9, 'http://lorempixel.com/500/800/food/', '', 'East Isobel');
INSERT INTO `Rating` (`ratingID`, `description`, `friends`, `timestamp`, `stars`, `voteNum`, `locationID`, `productID`, `userID`, `commentNum`, `images`, `labels`, `types`) VALUES ('158', 'Magni ratione velit non sit. Sint voluptas quia consequuntur inventore omnis laudantium. Accusamus blanditiis enim beatae dicta quisquam.', '227', '2011-02-23', '1', 149, '193', '185', '227', 40, 'http://lorempixel.com/500/800/food/', '5', 'New Ivaland');
INSERT INTO `Rating` (`ratingID`, `description`, `friends`, `timestamp`, `stars`, `voteNum`, `locationID`, `productID`, `userID`, `commentNum`, `images`, `labels`, `types`) VALUES ('165', 'Inventore incidunt ducimus aspernatur rerum laborum porro accusantium. Ut facere dolorem ipsa pariatur nihil quam consequatur. Nesciunt aut illo quia. Mollitia voluptas placeat unde aliquam perferendis expedita et.', '122', '1986-08-14', '2', 102, '12', '119', '122', 211, 'http://lorempixel.com/500/800/food/', '4', 'East Citlallistad');
INSERT INTO `Rating` (`ratingID`, `description`, `friends`, `timestamp`, `stars`, `voteNum`, `locationID`, `productID`, `userID`, `commentNum`, `images`, `labels`, `types`) VALUES ('169', 'Temporibus excepturi qui et aliquid. Dolor quos vero corrupti dolorum.', '160', '1973-08-16', '1', 192, '14', '138', '160', 80, 'http://lorempixel.com/500/800/food/', '5', 'Jaskolskishire');
INSERT INTO `Rating` (`ratingID`, `description`, `friends`, `timestamp`, `stars`, `voteNum`, `locationID`, `productID`, `userID`, `commentNum`, `images`, `labels`, `types`) VALUES ('171', 'Asperiores cupiditate cumque sequi aspernatur. Et magni commodi reiciendis. Debitis eaque autem iste porro doloremque officiis atque. Repudiandae culpa ab omnis illo.', '284', '1971-12-31', '3', 102, '50', '53', '284', 224, 'http://lorempixel.com/500/800/food/', '5', 'Rodton');
INSERT INTO `Rating` (`ratingID`, `description`, `friends`, `timestamp`, `stars`, `voteNum`, `locationID`, `productID`, `userID`, `commentNum`, `images`, `labels`, `types`) VALUES ('176', 'Placeat minus fugit aut sit qui non aut. Repudiandae ipsa et ab aut illum sapiente voluptatem. Accusamus debitis quo qui praesentium quo veritatis.', '55', '2008-04-02', '3', 133, '77', '85', '55', 177, 'http://lorempixel.com/500/800/food/', '', 'West Doloresfurt');
INSERT INTO `Rating` (`ratingID`, `description`, `friends`, `timestamp`, `stars`, `voteNum`, `locationID`, `productID`, `userID`, `commentNum`, `images`, `labels`, `types`) VALUES ('177', 'Quaerat vel sed qui ad. Quaerat et et ex voluptates. Eos hic hic quis sed libero quos ab dolor. Eligendi sed voluptates fugit ratione maiores voluptate illo.', '267', '2017-09-18', '4', 262, '39', '37', '267', 62, 'http://lorempixel.com/500/800/food/', '3', 'Pfefferland');
INSERT INTO `Rating` (`ratingID`, `description`, `friends`, `timestamp`, `stars`, `voteNum`, `locationID`, `productID`, `userID`, `commentNum`, `images`, `labels`, `types`) VALUES ('180', 'Modi culpa aspernatur sint veritatis. Soluta ad architecto sit non dignissimos. Facere libero laboriosam aliquid facere. Veritatis quo qui non nam quia et doloremque.', '193', '1997-08-27', '4', 49, '168', '157', '193', 208, 'http://lorempixel.com/500/800/food/', '4', 'Lake Queenmouth');
INSERT INTO `Rating` (`ratingID`, `description`, `friends`, `timestamp`, `stars`, `voteNum`, `locationID`, `productID`, `userID`, `commentNum`, `images`, `labels`, `types`) VALUES ('184', 'Aliquam odit ipsam temporibus unde magnam aut. Reiciendis odit maiores repellendus. Voluptas aspernatur ut ut consequuntur nam voluptatem numquam.', '82', '1973-06-03', '1', 14, '83', '92', '82', 68, 'http://lorempixel.com/500/800/food/', '', 'West Tremayne');
INSERT INTO `Rating` (`ratingID`, `description`, `friends`, `timestamp`, `stars`, `voteNum`, `locationID`, `productID`, `userID`, `commentNum`, `images`, `labels`, `types`) VALUES ('185', 'Nisi animi cupiditate qui et quam ullam et et. Iusto saepe ullam consequatur et consequatur. Id accusantium placeat rerum corrupti dolores animi.', '285', '2011-10-12', '3', 127, '51', '55', '285', 120, 'http://lorempixel.com/500/800/food/', '3', 'Runolfsdottirton');
INSERT INTO `Rating` (`ratingID`, `description`, `friends`, `timestamp`, `stars`, `voteNum`, `locationID`, `productID`, `userID`, `commentNum`, `images`, `labels`, `types`) VALUES ('186', 'Culpa ut nobis labore quos error autem recusandae. Rem ut nesciunt quo rem placeat animi. Inventore dignissimos mollitia quia eligendi id qui.', '127', '2007-02-08', '3', 142, '120', '12', '127', 15, 'http://lorempixel.com/500/800/food/', '1', 'East Effieborough');
INSERT INTO `Rating` (`ratingID`, `description`, `friends`, `timestamp`, `stars`, `voteNum`, `locationID`, `productID`, `userID`, `commentNum`, `images`, `labels`, `types`) VALUES ('190', 'Magni quia quod rerum velit. Fugiat veritatis aut alias quaerat nihil non. Et reiciendis enim sit ratione. Repellendus culpa eaque modi facilis.', '83', '2002-04-07', '1', 326, '85', '93', '83', 218, 'http://lorempixel.com/500/800/food/', '2', 'West Tyrellmouth');
INSERT INTO `Rating` (`ratingID`, `description`, `friends`, `timestamp`, `stars`, `voteNum`, `locationID`, `productID`, `userID`, `commentNum`, `images`, `labels`, `types`) VALUES ('195', 'Praesentium occaecati dolor tempora blanditiis esse dolore assumenda. Occaecati ut iusto maiores neque. Delectus facilis similique quos debitis cupiditate quaerat. Voluptates quas veritatis sint.', '175', '1971-08-20', '4', 276, '155', '147', '175', 169, 'http://lorempixel.com/500/800/food/', '2', 'Kayleighside');
INSERT INTO `Rating` (`ratingID`, `description`, `friends`, `timestamp`, `stars`, `voteNum`, `locationID`, `productID`, `userID`, `commentNum`, `images`, `labels`, `types`) VALUES ('199', 'Alias aut porro dignissimos. Quae quis laborum expedita quas ullam nam maiores. Qui consequatur dolores sunt repellendus dolore et dignissimos expedita.', '230', '2004-04-01', '0', 341, '196', '186', '230', 24, 'http://lorempixel.com/500/800/food/', '1', 'New Kadeland');
INSERT INTO `Rating` (`ratingID`, `description`, `friends`, `timestamp`, `stars`, `voteNum`, `locationID`, `productID`, `userID`, `commentNum`, `images`, `labels`, `types`) VALUES ('200', 'Sed repellat tenetur aliquam consequatur asperiores labore aperiam quibusdam. Cum consequatur et sunt quis ex aperiam et. Magnam id animi sit totam. Sunt dolores dolor molestiae expedita consequuntur repellat occaecati.', '221', '1975-05-13', '3', 121, '189', '18', '221', 211, 'http://lorempixel.com/500/800/food/', '', 'New Darryl');
INSERT INTO `Rating` (`ratingID`, `description`, `friends`, `timestamp`, `stars`, `voteNum`, `locationID`, `productID`, `userID`, `commentNum`, `images`, `labels`, `types`) VALUES ('201', 'Voluptatem eaque ut iure nostrum aspernatur. Id amet necessitatibus repellendus alias nesciunt aliquam. Deleniti laborum quisquam incidunt enim dignissimos. Eveniet voluptas nam corporis reiciendis.', '236', '1991-05-12', '2', 189, '198', '19', '236', 229, 'http://lorempixel.com/500/800/food/', '3', 'New Pansy');
INSERT INTO `Rating` (`ratingID`, `description`, `friends`, `timestamp`, `stars`, `voteNum`, `locationID`, `productID`, `userID`, `commentNum`, `images`, `labels`, `types`) VALUES ('213', 'Aut fugit et est non. Distinctio et non pariatur aliquam nisi. Non aliquam delectus ab. Impedit architecto voluptas delectus non.', '274', '2016-04-21', '5', 181, '45', '40', '274', 237, 'http://lorempixel.com/500/800/food/', '2', 'Port Antonio');
INSERT INTO `Rating` (`ratingID`, `description`, `friends`, `timestamp`, `stars`, `voteNum`, `locationID`, `productID`, `userID`, `commentNum`, `images`, `labels`, `types`) VALUES ('215', 'Sint odit sit quae dicta quaerat. Sint temporibus omnis eius dolores. Animi aut soluta est et qui.', '256', '1991-12-29', '3', 325, '28', '197', '256', 103, 'http://lorempixel.com/500/800/food/', '4', 'North Giovannyside');
INSERT INTO `Rating` (`ratingID`, `description`, `friends`, `timestamp`, `stars`, `voteNum`, `locationID`, `productID`, `userID`, `commentNum`, `images`, `labels`, `types`) VALUES ('217', 'Eos alias qui esse sit dolores dolor. Unde ut accusantium vero praesentium corporis minima velit.', '79', '1993-08-21', '4', 8, '8', '88', '79', 177, 'http://lorempixel.com/500/800/food/', '4', 'West Rollinshire');
INSERT INTO `Rating` (`ratingID`, `description`, `friends`, `timestamp`, `stars`, `voteNum`, `locationID`, `productID`, `userID`, `commentNum`, `images`, `labels`, `types`) VALUES ('218', 'Aperiam rem ut maxime voluptas. Consequatur tempore quod debitis laborum fugiat culpa dolorem et. Placeat sunt occaecati non sint et at rem.', '271', '1991-05-06', '4', 218, '42', '39', '271', 22, 'http://lorempixel.com/500/800/food/', '2', 'Port Aisha');
INSERT INTO `Rating` (`ratingID`, `description`, `friends`, `timestamp`, `stars`, `voteNum`, `locationID`, `productID`, `userID`, `commentNum`, `images`, `labels`, `types`) VALUES ('223', 'Autem dolor rem maiores ipsum velit impedit nam. Aut odio dolor molestias necessitatibus ea. Sit reprehenderit repudiandae aut culpa dolorem esse expedita. Inventore voluptatem accusamus vel culpa nihil et id.', '117', '1979-09-27', '3', 87, '113', '113', '117', 196, 'http://lorempixel.com/500/800/food/', '3', 'Dejahshire');
INSERT INTO `Rating` (`ratingID`, `description`, `friends`, `timestamp`, `stars`, `voteNum`, `locationID`, `productID`, `userID`, `commentNum`, `images`, `labels`, `types`) VALUES ('226', 'Sed debitis voluptatem autem. Sit est consequatur aut reprehenderit nesciunt. Excepturi dolor eaque enim esse aperiam excepturi.', '207', '2004-05-20', '0', 180, '179', '170', '207', 241, 'http://lorempixel.com/500/800/food/', '', 'Metzshire');
INSERT INTO `Rating` (`ratingID`, `description`, `friends`, `timestamp`, `stars`, `voteNum`, `locationID`, `productID`, `userID`, `commentNum`, `images`, `labels`, `types`) VALUES ('242', 'Ratione explicabo enim sunt tenetur alias. Quae autem dolorum quo porro. Qui recusandae adipisci debitis. Et aut molestiae minus et quasi voluptatibus adipisci consequatur.', '26', '1996-02-12', '4', 85, '31', '23', '26', 7, 'http://lorempixel.com/500/800/food/', '1', 'North Junius');
INSERT INTO `Rating` (`ratingID`, `description`, `friends`, `timestamp`, `stars`, `voteNum`, `locationID`, `productID`, `userID`, `commentNum`, `images`, `labels`, `types`) VALUES ('246', 'Facilis aut consectetur sit aut dolores laboriosam magnam quia. Et eum et animi molestiae aut. Molestias et et sapiente qui vel. In delectus ratione natus numquam voluptas facere quidem.', '51', '1997-07-08', '1', 253, '76', '81', '51', 120, 'http://lorempixel.com/500/800/food/', '3', 'West Daron');
INSERT INTO `Rating` (`ratingID`, `description`, `friends`, `timestamp`, `stars`, `voteNum`, `locationID`, `productID`, `userID`, `commentNum`, `images`, `labels`, `types`) VALUES ('249', 'Dignissimos odio libero rem assumenda et. Dolores omnis quis quia quia.', '141', '2000-05-11', '4', 104, '129', '131', '141', 80, 'http://lorempixel.com/500/800/food/', '3', 'Eraberg');
INSERT INTO `Rating` (`ratingID`, `description`, `friends`, `timestamp`, `stars`, `voteNum`, `locationID`, `productID`, `userID`, `commentNum`, `images`, `labels`, `types`) VALUES ('266', 'Doloribus dolores quasi repudiandae ut. Accusantium et possimus maxime laboriosam. Iste sit et est vel laboriosam labore consequatur.', '278', '1982-03-02', '2', 16, '47', '49', '278', 82, 'http://lorempixel.com/500/800/food/', '1', 'Port Chadrick');
INSERT INTO `Rating` (`ratingID`, `description`, `friends`, `timestamp`, `stars`, `voteNum`, `locationID`, `productID`, `userID`, `commentNum`, `images`, `labels`, `types`) VALUES ('269', 'Itaque unde est eum assumenda. Suscipit necessitatibus quis id odit. Quisquam libero unde explicabo amet. Debitis fugiat beatae voluptate molestias quia.', '15', '1996-09-23', '5', 82, '136', '135', '15', 157, 'http://lorempixel.com/500/800/food/', '4', 'Hermannmouth');
INSERT INTO `Rating` (`ratingID`, `description`, `friends`, `timestamp`, `stars`, `voteNum`, `locationID`, `productID`, `userID`, `commentNum`, `images`, `labels`, `types`) VALUES ('271', 'Nesciunt tempore earum qui sint dolorem eum. Odio sint ea laborum ab. Fugiat corporis quia est aut qui odit.', '223', '1996-01-11', '0', 76, '190', '184', '223', 114, 'http://lorempixel.com/500/800/food/', '3', 'New Ettieport');
INSERT INTO `Rating` (`ratingID`, `description`, `friends`, `timestamp`, `stars`, `voteNum`, `locationID`, `productID`, `userID`, `commentNum`, `images`, `labels`, `types`) VALUES ('274', 'Quam cumque voluptatem aut in sequi et ut sunt. Corporis quidem est officiis labore quod. Aliquid ut libero nobis ex reiciendis. Enim ipsa voluptate cumque autem.', '50', '1985-03-11', '1', 295, '73', '78', '50', 226, 'http://lorempixel.com/500/800/food/', '5', 'West Alvisbury');
INSERT INTO `Rating` (`ratingID`, `description`, `friends`, `timestamp`, `stars`, `voteNum`, `locationID`, `productID`, `userID`, `commentNum`, `images`, `labels`, `types`) VALUES ('275', 'Molestias est expedita nulla sit aut aut modi tenetur. Cumque rerum maiores minima velit. Dignissimos incidunt illo quia numquam.', '264', '2013-04-01', '3', 190, '34', '29', '264', 165, 'http://lorempixel.com/500/800/food/', '3', 'North Shayneshire');
INSERT INTO `Rating` (`ratingID`, `description`, `friends`, `timestamp`, `stars`, `voteNum`, `locationID`, `productID`, `userID`, `commentNum`, `images`, `labels`, `types`) VALUES ('276', 'Omnis voluptatem et id et voluptate. Debitis qui quos impedit commodi. Est facilis eum eligendi. Vel recusandae corporis explicabo fuga numquam.', '132', '2019-09-25', '0', 139, '124', '122', '132', 195, 'http://lorempixel.com/500/800/food/', '3', 'East Kyle');
INSERT INTO `Rating` (`ratingID`, `description`, `friends`, `timestamp`, `stars`, `voteNum`, `locationID`, `productID`, `userID`, `commentNum`, `images`, `labels`, `types`) VALUES ('277', 'Quia commodi iste velit sunt. Dolores fugit laudantium cumque atque. Aut aut nemo aliquam illo.', '208', '1972-04-11', '2', 175, '180', '172', '208', 68, 'http://lorempixel.com/500/800/food/', '4', 'Mikaylahaven');
INSERT INTO `Rating` (`ratingID`, `description`, `friends`, `timestamp`, `stars`, `voteNum`, `locationID`, `productID`, `userID`, `commentNum`, `images`, `labels`, `types`) VALUES ('278', 'Explicabo debitis molestias sed. Ex voluptatum qui neque esse deserunt eius ducimus. Distinctio nihil qui quis et iusto vel repellendus totam.', '184', '1992-05-07', '5', 244, '158', '149', '184', 228, 'http://lorempixel.com/500/800/food/', '3', 'Kenyaborough');
INSERT INTO `Rating` (`ratingID`, `description`, `friends`, `timestamp`, `stars`, `voteNum`, `locationID`, `productID`, `userID`, `commentNum`, `images`, `labels`, `types`) VALUES ('291', 'Deleniti sit harum dolorum minus quos veritatis ad. A id quos dolorem ratione. Dolorum vitae voluptatem id suscipit maiores. Et sit sit quia.', '277', '2003-06-30', '2', 332, '46', '42', '277', 102, 'http://lorempixel.com/500/800/food/', '1', 'Port Brownstad');
INSERT INTO `Rating` (`ratingID`, `description`, `friends`, `timestamp`, `stars`, `voteNum`, `locationID`, `productID`, `userID`, `commentNum`, `images`, `labels`, `types`) VALUES ('292', 'Qui tenetur quo aliquam ut qui suscipit eum quia. Quod natus rem ex qui sed accusantium optio facilis. Nobis non sed dolorum ea voluptas. Corrupti reprehenderit vitae odit doloribus.', '147', '1985-10-11', '5', 339, '132', '133', '147', 46, 'http://lorempixel.com/500/800/food/', '5', 'Haneside');
INSERT INTO `Rating` (`ratingID`, `description`, `friends`, `timestamp`, `stars`, `voteNum`, `locationID`, `productID`, `userID`, `commentNum`, `images`, `labels`, `types`) VALUES ('296', 'Culpa quis harum nemo qui maxime quia. Minima voluptatem quod minus. Dolores tenetur voluptas nulla nesciunt exercitationem. Quia voluptatum autem sit molestias.', '', '1989-03-26', '0', 143, '103', '100', '', 74, 'http://lorempixel.com/500/800/food/', '', 'Amelialand');
INSERT INTO `Rating` (`ratingID`, `description`, `friends`, `timestamp`, `stars`, `voteNum`, `locationID`, `productID`, `userID`, `commentNum`, `images`, `labels`, `types`) VALUES ('301', 'Aut nobis quo excepturi ut ut aut ex. Nostrum labore aperiam aspernatur pariatur quia consectetur. Qui saepe non aspernatur voluptatibus.', '106', '1974-10-05', '2', 92, '109', '109', '106', 176, 'http://lorempixel.com/500/800/food/', '3', 'Bartellfurt');
INSERT INTO `Rating` (`ratingID`, `description`, `friends`, `timestamp`, `stars`, `voteNum`, `locationID`, `productID`, `userID`, `commentNum`, `images`, `labels`, `types`) VALUES ('302', 'Velit quia vitae aperiam. Non voluptas molestiae aspernatur laboriosam. Et earum iste voluptatem ut. Qui modi consequatur assumenda.', '24', '1989-09-28', '0', 71, '2', '191', '24', 209, 'http://lorempixel.com/500/800/food/', '', 'North Darion');
INSERT INTO `Rating` (`ratingID`, `description`, `friends`, `timestamp`, `stars`, `voteNum`, `locationID`, `productID`, `userID`, `commentNum`, `images`, `labels`, `types`) VALUES ('304', 'Harum quia aut cumque sequi molestias numquam. Voluptate deleniti voluptatem dolorum optio nobis id. Eveniet sint sed alias nesciunt doloremque beatae ratione saepe.', '97', '2006-11-19', '4', 246, '96', '98', '97', 35, 'http://lorempixel.com/500/800/food/', '2', 'Zemlakfurt');
INSERT INTO `Rating` (`ratingID`, `description`, `friends`, `timestamp`, `stars`, `voteNum`, `locationID`, `productID`, `userID`, `commentNum`, `images`, `labels`, `types`) VALUES ('310', 'Ratione ut fugiat quod porro et ad temporibus. Sint possimus aut numquam tenetur. Eum velit cupiditate dolorum eos libero vitae. Nihil libero saepe sint eum quod temporibus sunt.', '300', '2001-10-02', '1', 304, '61', '70', '300', 69, 'http://lorempixel.com/500/800/food/', '4', 'Thielshire');
INSERT INTO `Rating` (`ratingID`, `description`, `friends`, `timestamp`, `stars`, `voteNum`, `locationID`, `productID`, `userID`, `commentNum`, `images`, `labels`, `types`) VALUES ('313', 'Optio pariatur perferendis a eos. Sed et voluptatibus voluptas error at. Dolores dolores dolore vitae sit.', '201', '1995-09-01', '4', 141, '175', '162', '201', 136, 'http://lorempixel.com/500/800/food/', '2', 'Lincolnfort');
INSERT INTO `Rating` (`ratingID`, `description`, `friends`, `timestamp`, `stars`, `voteNum`, `locationID`, `productID`, `userID`, `commentNum`, `images`, `labels`, `types`) VALUES ('316', 'Voluptatem repellendus enim laborum saepe impedit facere saepe. Ipsa sunt aliquam iure fugit itaque omnis et laboriosam. Ut nisi a sed qui quia.', '43', '1983-11-25', '3', 106, '67', '74', '43', 84, 'http://lorempixel.com/500/800/food/', '4', 'Viviennefurt');
INSERT INTO `Rating` (`ratingID`, `description`, `friends`, `timestamp`, `stars`, `voteNum`, `locationID`, `productID`, `userID`, `commentNum`, `images`, `labels`, `types`) VALUES ('319', 'Doloremque cumque porro rem eum repellendus sequi id. Aut porro enim veniam illo natus quae a. Et quo aspernatur fugit. Itaque accusamus deleniti necessitatibus quam praesentium eaque nobis.', '9', '2016-07-09', '4', 183, '9', '96', '9', 44, 'http://lorempixel.com/500/800/food/', '4', 'Wintheisermouth');
INSERT INTO `Rating` (`ratingID`, `description`, `friends`, `timestamp`, `stars`, `voteNum`, `locationID`, `productID`, `userID`, `commentNum`, `images`, `labels`, `types`) VALUES ('325', 'Nesciunt neque illo sunt in nostrum voluptatem dignissimos. Tempora qui veritatis natus eligendi sapiente. Corporis accusantium consequatur non fuga. Et a ad expedita iure est vel qui. Et doloremque nobis doloremque eos perspiciatis modi.', '296', '1990-10-23', '1', 62, '55', '59', '296', 12, 'http://lorempixel.com/500/800/food/', '4', 'South Sammyborough');
INSERT INTO `Rating` (`ratingID`, `description`, `friends`, `timestamp`, `stars`, `voteNum`, `locationID`, `productID`, `userID`, `commentNum`, `images`, `labels`, `types`) VALUES ('333', 'Fuga non sint odio et totam. Consectetur velit delectus dolores nulla mollitia architecto voluptates. Velit laudantium aut ut exercitationem ab quas. Ut est inventore voluptatum esse quia et.', '69', '2020-02-03', '4', 144, '79', '87', '69', 52, 'http://lorempixel.com/500/800/food/', '', 'West Rickeytown');
INSERT INTO `Rating` (`ratingID`, `description`, `friends`, `timestamp`, `stars`, `voteNum`, `locationID`, `productID`, `userID`, `commentNum`, `images`, `labels`, `types`) VALUES ('34', 'Qui omnis neque velit nemo accusamus. Aspernatur magnam architecto est consequatur adipisci aliquam nobis. Est ea neque qui eligendi. Asperiores autem aut sed non reiciendis iure.', '210', '2017-09-25', '5', 198, '182', '174', '210', 0, 'http://lorempixel.com/500/800/food/', '1', 'Muellerville');
INSERT INTO `Rating` (`ratingID`, `description`, `friends`, `timestamp`, `stars`, `voteNum`, `locationID`, `productID`, `userID`, `commentNum`, `images`, `labels`, `types`) VALUES ('341', 'Quo libero ipsa non voluptatem possimus odit. Distinctio porro ipsum qui sapiente aut sit. Harum veniam quasi excepturi ut est rerum suscipit. Maiores sit omnis dignissimos unde necessitatibus sunt cum dolores.', '17', '2021-09-17', '1', 287, '148', '141', '17', 192, 'http://lorempixel.com/500/800/food/', '4', 'Jeradton');
INSERT INTO `Rating` (`ratingID`, `description`, `friends`, `timestamp`, `stars`, `voteNum`, `locationID`, `productID`, `userID`, `commentNum`, `images`, `labels`, `types`) VALUES ('343', 'Officia corporis dolores expedita accusamus quidem nulla et. Saepe aut dicta libero similique perferendis.', '217', '2012-12-24', '5', 96, '186', '176', '217', 10, 'http://lorempixel.com/500/800/food/', '4', 'New Charityland');
INSERT INTO `Rating` (`ratingID`, `description`, `friends`, `timestamp`, `stars`, `voteNum`, `locationID`, `productID`, `userID`, `commentNum`, `images`, `labels`, `types`) VALUES ('347', 'Corrupti possimus nam nihil omnis maiores. Asperiores officiis rem cumque aut rerum quia. Expedita possimus temporibus nemo nihil nisi.', '299', '1984-08-31', '1', 251, '57', '61', '299', 19, 'http://lorempixel.com/500/800/food/', '2', 'Steuberberg');
INSERT INTO `Rating` (`ratingID`, `description`, `friends`, `timestamp`, `stars`, `voteNum`, `locationID`, `productID`, `userID`, `commentNum`, `images`, `labels`, `types`) VALUES ('349', 'Tempore ad provident perspiciatis quis id dolorem aliquam. Quo ad ut et.', '173', '2010-11-06', '5', 137, '150', '144', '173', 54, 'http://lorempixel.com/500/800/food/', '1', 'Jovannymouth');
INSERT INTO `Rating` (`ratingID`, `description`, `friends`, `timestamp`, `stars`, `voteNum`, `locationID`, `productID`, `userID`, `commentNum`, `images`, `labels`, `types`) VALUES ('355', 'Culpa qui ut est dolor. Quia sunt qui voluptates excepturi eum eaque. Quibusdam fugit autem libero iste et id voluptate quis.', '192', '2005-04-01', '5', 55, '166', '156', '192', 144, 'http://lorempixel.com/500/800/food/', '4', 'Lake Kendrickfurt');
INSERT INTO `Rating` (`ratingID`, `description`, `friends`, `timestamp`, `stars`, `voteNum`, `locationID`, `productID`, `userID`, `commentNum`, `images`, `labels`, `types`) VALUES ('358', 'Deserunt laudantium perspiciatis inventore facere laborum. Nemo et repellat aspernatur voluptatibus ab rem. Aut perferendis sit molestiae omnis voluptatem et.', '240', '1999-01-28', '5', 272, '20', '194', '240', 99, 'http://lorempixel.com/500/800/food/', '5', 'North Denistown');
INSERT INTO `Rating` (`ratingID`, `description`, `friends`, `timestamp`, `stars`, `voteNum`, `locationID`, `productID`, `userID`, `commentNum`, `images`, `labels`, `types`) VALUES ('359', 'Sint eos culpa aut. Rerum rerum consequuntur eaque. Ducimus fuga est expedita et alias repellat numquam.', '118', '2019-06-05', '0', 98, '114', '115', '118', 100, 'http://lorempixel.com/500/800/food/', '2', 'Deonteton');
INSERT INTO `Rating` (`ratingID`, `description`, `friends`, `timestamp`, `stars`, `voteNum`, `locationID`, `productID`, `userID`, `commentNum`, `images`, `labels`, `types`) VALUES ('361', 'Assumenda voluptatem voluptatum aut officia. Ut et beatae perspiciatis dolore nostrum incidunt. Et harum iste expedita et. Quas natus et ullam quis exercitationem. Nostrum rerum eos ex quia.', '246', '2016-01-24', '3', 260, '24', '196', '246', 19, 'http://lorempixel.com/500/800/food/', '1', 'North Esmeralda');
INSERT INTO `Rating` (`ratingID`, `description`, `friends`, `timestamp`, `stars`, `voteNum`, `locationID`, `productID`, `userID`, `commentNum`, `images`, `labels`, `types`) VALUES ('371', 'Earum veniam excepturi quia labore nobis quia sit. Ipsa numquam reiciendis sit tempora facilis quia doloribus natus. Id dicta veritatis numquam iure asperiores quis. Debitis recusandae provident eaque.', '263', '1980-08-24', '1', 13, '33', '28', '263', 229, 'http://lorempixel.com/500/800/food/', '1', 'North Micah');
INSERT INTO `Rating` (`ratingID`, `description`, `friends`, `timestamp`, `stars`, `voteNum`, `locationID`, `productID`, `userID`, `commentNum`, `images`, `labels`, `types`) VALUES ('373', 'Qui debitis ea ea nisi enim est voluptatibus. Et doloribus voluptatem mollitia.', '103', '1989-11-09', '1', 339, '108', '107', '103', 8, 'http://lorempixel.com/500/800/food/', '4', 'Ardenmouth');
INSERT INTO `Rating` (`ratingID`, `description`, `friends`, `timestamp`, `stars`, `voteNum`, `locationID`, `productID`, `userID`, `commentNum`, `images`, `labels`, `types`) VALUES ('375', 'Quia ut est magni. Vel eaque distinctio asperiores sint repudiandae dolore.', '100', '2000-12-01', '1', 3, '105', '103', '100', 0, 'http://lorempixel.com/500/800/food/', '5', 'Andyfort');
INSERT INTO `Rating` (`ratingID`, `description`, `friends`, `timestamp`, `stars`, `voteNum`, `locationID`, `productID`, `userID`, `commentNum`, `images`, `labels`, `types`) VALUES ('38', 'Laudantium inventore est id et unde totam eligendi. Vero fuga harum aut molestias amet incidunt necessitatibus. Iusto iusto ut quo sed placeat earum adipisci.', '136', '2006-01-22', '3', 145, '128', '126', '136', 201, 'http://lorempixel.com/500/800/food/', '', 'Elvaton');
INSERT INTO `Rating` (`ratingID`, `description`, `friends`, `timestamp`, `stars`, `voteNum`, `locationID`, `productID`, `userID`, `commentNum`, `images`, `labels`, `types`) VALUES ('380', 'Dolor assumenda et quos animi et nostrum omnis. Quas at voluptas consequatur. Harum provident odit est non et aut commodi.', '30', '2017-09-14', '2', 326, '59', '69', '30', 71, 'http://lorempixel.com/500/800/food/', '2', 'Streichville');
INSERT INTO `Rating` (`ratingID`, `description`, `friends`, `timestamp`, `stars`, `voteNum`, `locationID`, `productID`, `userID`, `commentNum`, `images`, `labels`, `types`) VALUES ('381', 'Voluptatem praesentium quo blanditiis molestias. Ipsum accusamus harum odio maxime. A nemo omnis ipsam ea.', '294', '1984-05-23', '2', 283, '54', '57', '294', 205, 'http://lorempixel.com/500/800/food/', '2', 'South Melvinaville');
INSERT INTO `Rating` (`ratingID`, `description`, `friends`, `timestamp`, `stars`, `voteNum`, `locationID`, `productID`, `userID`, `commentNum`, `images`, `labels`, `types`) VALUES ('383', 'Facilis qui non deleniti ut eum quasi aut labore. Debitis et autem vel aliquam optio eum occaecati. Nulla est odit quis natus nobis.', '135', '2015-07-22', '2', 129, '125', '123', '135', 216, 'http://lorempixel.com/500/800/food/', '4', 'East Rubyport');
INSERT INTO `Rating` (`ratingID`, `description`, `friends`, `timestamp`, `stars`, `voteNum`, `locationID`, `productID`, `userID`, `commentNum`, `images`, `labels`, `types`) VALUES ('388', 'Iste voluptates ut iste quia incidunt nulla. In hic saepe omnis molestias. Adipisci voluptatibus repudiandae ut.', '85', '1998-09-12', '4', 42, '89', '95', '85', 58, 'http://lorempixel.com/500/800/food/', '2', 'West Zella');
INSERT INTO `Rating` (`ratingID`, `description`, `friends`, `timestamp`, `stars`, `voteNum`, `locationID`, `productID`, `userID`, `commentNum`, `images`, `labels`, `types`) VALUES ('390', 'Nobis quae est perferendis. Nihil quia nulla adipisci et. Eius fugit omnis sed.', '198', '1999-03-03', '5', 117, '169', '159', '198', 128, 'http://lorempixel.com/500/800/food/', '', 'Lake Shawnport');
INSERT INTO `Rating` (`ratingID`, `description`, `friends`, `timestamp`, `stars`, `voteNum`, `locationID`, `productID`, `userID`, `commentNum`, `images`, `labels`, `types`) VALUES ('393', 'Est ducimus id iste autem at ut. Quia similique aut similique eligendi hic nisi. Non voluptatem laborum quia necessitatibus reprehenderit molestias.', '259', '1985-04-08', '2', 47, '30', '200', '259', 231, 'http://lorempixel.com/500/800/food/', '3', 'North Guiseppebury');
INSERT INTO `Rating` (`ratingID`, `description`, `friends`, `timestamp`, `stars`, `voteNum`, `locationID`, `productID`, `userID`, `commentNum`, `images`, `labels`, `types`) VALUES ('399', 'Qui cum a maiores laudantium. Sed illum sed quasi eum. Nulla dignissimos quia reiciendis eaque. Distinctio voluptatem aut ea omnis. Ullam dolorem ipsa est culpa.', '48', '1986-12-06', '5', 215, '68', '75', '48', 205, 'http://lorempixel.com/500/800/food/', '4', 'Waelchifort');
INSERT INTO `Rating` (`ratingID`, `description`, `friends`, `timestamp`, `stars`, `voteNum`, `locationID`, `productID`, `userID`, `commentNum`, `images`, `labels`, `types`) VALUES ('400', 'Repellendus qui ducimus quas et natus dolor et. A reiciendis dolor dicta vitae. Enim et non culpa nobis.', '8', '2021-06-10', '5', 65, '80', '91', '8', 235, 'http://lorempixel.com/500/800/food/', '3', 'West Stefanie');
INSERT INTO `Rating` (`ratingID`, `description`, `friends`, `timestamp`, `stars`, `voteNum`, `locationID`, `productID`, `userID`, `commentNum`, `images`, `labels`, `types`) VALUES ('49', 'Aut repellat sapiente perspiciatis sunt quis fuga. Voluptas deleniti et ut quibusdam quo aut odio distinctio. Aut molestias omnis impedit laudantium dolores.', '293', '1983-08-31', '1', 239, '52', '56', '293', 234, 'http://lorempixel.com/500/800/food/', '4', 'South Eltonview');
INSERT INTO `Rating` (`ratingID`, `description`, `friends`, `timestamp`, `stars`, `voteNum`, `locationID`, `productID`, `userID`, `commentNum`, `images`, `labels`, `types`) VALUES ('51', 'Tempora qui qui odio est. Velit placeat qui rerum et aut necessitatibus. Vero voluptatem eligendi eligendi odit ipsa voluptatem animi. Placeat fugit sapiente hic placeat laboriosam.', '211', '2008-07-31', '0', 258, '184', '175', '211', 63, 'http://lorempixel.com/500/800/food/', '4', 'New Araceli');
INSERT INTO `Rating` (`ratingID`, `description`, `friends`, `timestamp`, `stars`, `voteNum`, `locationID`, `productID`, `userID`, `commentNum`, `images`, `labels`, `types`) VALUES ('53', 'Sed fugiat quidem laborum ipsa suscipit perspiciatis. Ut velit ipsum tempora ut nisi. Eos repellendus animi dolores est et.', '20', '2000-02-28', '2', 83, '174', '16', '20', 46, 'http://lorempixel.com/500/800/food/', '1', 'Lake Vivien');
INSERT INTO `Rating` (`ratingID`, `description`, `friends`, `timestamp`, `stars`, `voteNum`, `locationID`, `productID`, `userID`, `commentNum`, `images`, `labels`, `types`) VALUES ('55', 'Rerum iste enim molestiae architecto at. Vel id dolor ratione et hic omnis. Consequatur ipsa doloremque ut aut. Reiciendis optio voluptate odit neque consequatur voluptas est. Totam aut aut omnis praesentium soluta a nulla aut.', '158', '1998-12-14', '3', 301, '139', '136', '158', 173, 'http://lorempixel.com/500/800/food/', '5', 'Jarrellhaven');
INSERT INTO `Rating` (`ratingID`, `description`, `friends`, `timestamp`, `stars`, `voteNum`, `locationID`, `productID`, `userID`, `commentNum`, `images`, `labels`, `types`) VALUES ('58', 'Debitis laboriosam consectetur dolorum quos harum aut. Culpa fugiat vel totam laborum voluptatem doloremque. Animi aperiam dicta porro illum tempore qui.', '265', '2015-08-27', '1', 335, '38', '34', '265', 34, 'http://lorempixel.com/500/800/food/', '1', 'North Tatyanaton');
INSERT INTO `Rating` (`ratingID`, `description`, `friends`, `timestamp`, `stars`, `voteNum`, `locationID`, `productID`, `userID`, `commentNum`, `images`, `labels`, `types`) VALUES ('59', 'Eaque enim ut sequi nemo. Iure distinctio nihil pariatur cum eum est rerum. Assumenda quis unde minus porro.', '58', '1983-06-18', '0', 109, '78', '86', '58', 138, 'http://lorempixel.com/500/800/food/', '3', 'West Princeborough');
INSERT INTO `Rating` (`ratingID`, `description`, `friends`, `timestamp`, `stars`, `voteNum`, `locationID`, `productID`, `userID`, `commentNum`, `images`, `labels`, `types`) VALUES ('61', 'Quis consequatur voluptas temporibus et ut sed voluptatem. Quisquam corrupti incidunt non temporibus officiis.', '206', '1982-04-04', '0', 335, '178', '17', '206', 237, 'http://lorempixel.com/500/800/food/', '2', 'McGlynnborough');
INSERT INTO `Rating` (`ratingID`, `description`, `friends`, `timestamp`, `stars`, `voteNum`, `locationID`, `productID`, `userID`, `commentNum`, `images`, `labels`, `types`) VALUES ('73', 'Laborum eos aliquid aut sint explicabo. Iste ipsum praesentium omnis et consequatur voluptas aspernatur. Minima nulla ad voluptatem nihil. Iste eos praesentium odio provident qui eligendi rem.', '190', '1974-07-01', '4', 178, '163', '155', '190', 36, 'http://lorempixel.com/500/800/food/', '2', 'Lake Kamille');
INSERT INTO `Rating` (`ratingID`, `description`, `friends`, `timestamp`, `stars`, `voteNum`, `locationID`, `productID`, `userID`, `commentNum`, `images`, `labels`, `types`) VALUES ('78', 'Asperiores suscipit accusantium ipsa fuga dolores voluptas ea. Voluptas rem quam commodi eius aut quia voluptatibus. Dolore voluptatem sunt architecto occaecati autem. Non soluta aliquam et voluptates necessitatibus assumenda.', '168', '1973-04-03', '0', 107, '143', '139', '168', 190, 'http://lorempixel.com/500/800/food/', '', 'Jaydonshire');
INSERT INTO `Rating` (`ratingID`, `description`, `friends`, `timestamp`, `stars`, `voteNum`, `locationID`, `productID`, `userID`, `commentNum`, `images`, `labels`, `types`) VALUES ('82', 'Ut fugiat aliquam facilis repellat ut. Non sapiente sunt dignissimos vel porro dolores saepe. Sunt cum optio quia expedita cumque. Vero doloribus dolore ipsam. Recusandae mollitia porro possimus iste placeat ex nihil.', '128', '2004-12-10', '5', 240, '121', '120', '128', 188, 'http://lorempixel.com/500/800/food/', '2', 'East Giovannamouth');
INSERT INTO `Rating` (`ratingID`, `description`, `friends`, `timestamp`, `stars`, `voteNum`, `locationID`, `productID`, `userID`, `commentNum`, `images`, `labels`, `types`) VALUES ('85', 'Sunt eos totam maiores ut quam. Aliquam nobis omnis accusantium eum omnis. Impedit nostrum delectus nam.', '12', '1979-03-17', '1', 50, '115', '117', '12', 69, 'http://lorempixel.com/500/800/food/', '4', 'Doyleburgh');
INSERT INTO `Rating` (`ratingID`, `description`, `friends`, `timestamp`, `stars`, `voteNum`, `locationID`, `productID`, `userID`, `commentNum`, `images`, `labels`, `types`) VALUES ('86', 'Vel magni odit id fugiat architecto. Tenetur reiciendis veniam ut dolor. Qui cumque doloremque est expedita laboriosam. Accusantium ullam quas velit laudantium sit atque voluptatibus.', '241', '2010-08-31', '3', 220, '23', '195', '241', 0, 'http://lorempixel.com/500/800/food/', '', 'North Emily');
INSERT INTO `Rating` (`ratingID`, `description`, `friends`, `timestamp`, `stars`, `voteNum`, `locationID`, `productID`, `userID`, `commentNum`, `images`, `labels`, `types`) VALUES ('96', 'Sed est ut aut nulla harum officiis adipisci quibusdam. Aut voluptate praesentium voluptatem illo necessitatibus. Et facilis et harum provident error tempora omnis. Omnis mollitia veniam est repudiandae.', '4', '1984-08-29', '2', 252, '65', '73', '4', 14, 'http://lorempixel.com/500/800/food/', '4', 'Vanessaville');
INSERT INTO `Rating` (`ratingID`, `description`, `friends`, `timestamp`, `stars`, `voteNum`, `locationID`, `productID`, `userID`, `commentNum`, `images`, `labels`, `types`) VALUES ('97', 'Voluptas sit libero non dolor consectetur dicta. Fugiat molestiae quis molestiae optio qui sit. Quo et voluptatem exercitationem harum. Consequatur aut est asperiores omnis.', '179', '1979-12-07', '5', 330, '156', '148', '179', 125, 'http://lorempixel.com/500/800/food/', '1', 'Keatonview');


#
# TABLE STRUCTURE FOR: Type
#


INSERT INTO `Type` (`label`, `count`) VALUES ('Amelialand', 159);
INSERT INTO `Type` (`label`, `count`) VALUES ('Anahiview', 123);
INSERT INTO `Type` (`label`, `count`) VALUES ('Andyfort', 149);
INSERT INTO `Type` (`label`, `count`) VALUES ('Ardenmouth', 186);
INSERT INTO `Type` (`label`, `count`) VALUES ('Bartellfurt', 144);
INSERT INTO `Type` (`label`, `count`) VALUES ('Beerhaven', 121);
INSERT INTO `Type` (`label`, `count`) VALUES ('Cliftonchester', 182);
INSERT INTO `Type` (`label`, `count`) VALUES ('Creminland', 20);
INSERT INTO `Type` (`label`, `count`) VALUES ('Dejahshire', 78);
INSERT INTO `Type` (`label`, `count`) VALUES ('Deonteton', 75);
INSERT INTO `Type` (`label`, `count`) VALUES ('Doyleburgh', 71);
INSERT INTO `Type` (`label`, `count`) VALUES ('East Bernadettefort', 173);
INSERT INTO `Type` (`label`, `count`) VALUES ('East Citlallistad', 83);
INSERT INTO `Type` (`label`, `count`) VALUES ('East Effieborough', 25);
INSERT INTO `Type` (`label`, `count`) VALUES ('East Giovannamouth', 107);
INSERT INTO `Type` (`label`, `count`) VALUES ('East Isobel', 33);
INSERT INTO `Type` (`label`, `count`) VALUES ('East Kyle', 138);
INSERT INTO `Type` (`label`, `count`) VALUES ('East Rubyport', 82);
INSERT INTO `Type` (`label`, `count`) VALUES ('Elvaton', 106);
INSERT INTO `Type` (`label`, `count`) VALUES ('Eraberg', 169);
INSERT INTO `Type` (`label`, `count`) VALUES ('Halvorsonmouth', 72);
INSERT INTO `Type` (`label`, `count`) VALUES ('Haneside', 169);
INSERT INTO `Type` (`label`, `count`) VALUES ('Hermannmouth', 129);
INSERT INTO `Type` (`label`, `count`) VALUES ('Jarrellhaven', 137);
INSERT INTO `Type` (`label`, `count`) VALUES ('Jaskolskishire', 173);
INSERT INTO `Type` (`label`, `count`) VALUES ('Jaydonshire', 81);
INSERT INTO `Type` (`label`, `count`) VALUES ('Jeradton', 104);
INSERT INTO `Type` (`label`, `count`) VALUES ('Jovannymouth', 165);
INSERT INTO `Type` (`label`, `count`) VALUES ('Kaileemouth', 39);
INSERT INTO `Type` (`label`, `count`) VALUES ('Kayleighside', 190);
INSERT INTO `Type` (`label`, `count`) VALUES ('Keatonview', 105);
INSERT INTO `Type` (`label`, `count`) VALUES ('Kenyaborough', 177);
INSERT INTO `Type` (`label`, `count`) VALUES ('Kunzeton', 73);
INSERT INTO `Type` (`label`, `count`) VALUES ('Lake Ignatiusfurt', 176);
INSERT INTO `Type` (`label`, `count`) VALUES ('Lake Kamille', 23);
INSERT INTO `Type` (`label`, `count`) VALUES ('Lake Kendrickfurt', 126);
INSERT INTO `Type` (`label`, `count`) VALUES ('Lake Queenmouth', 195);
INSERT INTO `Type` (`label`, `count`) VALUES ('Lake Shawnport', 27);
INSERT INTO `Type` (`label`, `count`) VALUES ('Lake Vivien', 53);
INSERT INTO `Type` (`label`, `count`) VALUES ('Lincolnfort', 83);
INSERT INTO `Type` (`label`, `count`) VALUES ('Lucioview', 199);
INSERT INTO `Type` (`label`, `count`) VALUES ('McGlynnborough', 165);
INSERT INTO `Type` (`label`, `count`) VALUES ('Metzshire', 145);
INSERT INTO `Type` (`label`, `count`) VALUES ('Mikaylahaven', 147);
INSERT INTO `Type` (`label`, `count`) VALUES ('Muellerville', 52);
INSERT INTO `Type` (`label`, `count`) VALUES ('New Araceli', 148);
INSERT INTO `Type` (`label`, `count`) VALUES ('New Charityland', 20);
INSERT INTO `Type` (`label`, `count`) VALUES ('New Darenborough', 198);
INSERT INTO `Type` (`label`, `count`) VALUES ('New Darryl', 189);
INSERT INTO `Type` (`label`, `count`) VALUES ('New Dillon', 30);
INSERT INTO `Type` (`label`, `count`) VALUES ('New Ettieport', 126);
INSERT INTO `Type` (`label`, `count`) VALUES ('New Ivaland', 81);
INSERT INTO `Type` (`label`, `count`) VALUES ('New Kadeland', 181);
INSERT INTO `Type` (`label`, `count`) VALUES ('New Marcos', 110);
INSERT INTO `Type` (`label`, `count`) VALUES ('New Pansy', 64);
INSERT INTO `Type` (`label`, `count`) VALUES ('North Corrine', 173);
INSERT INTO `Type` (`label`, `count`) VALUES ('North Darion', 81);
INSERT INTO `Type` (`label`, `count`) VALUES ('North Denistown', 59);
INSERT INTO `Type` (`label`, `count`) VALUES ('North Emily', 89);
INSERT INTO `Type` (`label`, `count`) VALUES ('North Esmeralda', 86);
INSERT INTO `Type` (`label`, `count`) VALUES ('North Giovannyside', 186);
INSERT INTO `Type` (`label`, `count`) VALUES ('North Guiseppebury', 137);
INSERT INTO `Type` (`label`, `count`) VALUES ('North Junius', 18);
INSERT INTO `Type` (`label`, `count`) VALUES ('North Micah', 46);
INSERT INTO `Type` (`label`, `count`) VALUES ('North Shayneshire', 57);
INSERT INTO `Type` (`label`, `count`) VALUES ('North Tatyanaton', 195);
INSERT INTO `Type` (`label`, `count`) VALUES ('Pfefferland', 156);
INSERT INTO `Type` (`label`, `count`) VALUES ('Port Aisha', 83);
INSERT INTO `Type` (`label`, `count`) VALUES ('Port Antonio', 34);
INSERT INTO `Type` (`label`, `count`) VALUES ('Port Brownstad', 84);
INSERT INTO `Type` (`label`, `count`) VALUES ('Port Chadrick', 60);
INSERT INTO `Type` (`label`, `count`) VALUES ('Port Darrenhaven', 31);
INSERT INTO `Type` (`label`, `count`) VALUES ('Port Jacklynmouth', 52);
INSERT INTO `Type` (`label`, `count`) VALUES ('Rodton', 92);
INSERT INTO `Type` (`label`, `count`) VALUES ('Runolfsdottirton', 68);
INSERT INTO `Type` (`label`, `count`) VALUES ('South Eltonview', 104);
INSERT INTO `Type` (`label`, `count`) VALUES ('South Melvinaville', 190);
INSERT INTO `Type` (`label`, `count`) VALUES ('South Sammyborough', 145);
INSERT INTO `Type` (`label`, `count`) VALUES ('Steuberberg', 113);
INSERT INTO `Type` (`label`, `count`) VALUES ('Streichville', 195);
INSERT INTO `Type` (`label`, `count`) VALUES ('Thielshire', 59);
INSERT INTO `Type` (`label`, `count`) VALUES ('Toyton', 173);
INSERT INTO `Type` (`label`, `count`) VALUES ('Vandervortshire', 32);
INSERT INTO `Type` (`label`, `count`) VALUES ('Vanessaville', 184);
INSERT INTO `Type` (`label`, `count`) VALUES ('Viviennefurt', 131);
INSERT INTO `Type` (`label`, `count`) VALUES ('Waelchifort', 173);
INSERT INTO `Type` (`label`, `count`) VALUES ('Walterchester', 179);
INSERT INTO `Type` (`label`, `count`) VALUES ('West Alvisbury', 170);
INSERT INTO `Type` (`label`, `count`) VALUES ('West Daron', 98);
INSERT INTO `Type` (`label`, `count`) VALUES ('West Doloresfurt', 129);
INSERT INTO `Type` (`label`, `count`) VALUES ('West Princeborough', 149);
INSERT INTO `Type` (`label`, `count`) VALUES ('West Rickeytown', 64);
INSERT INTO `Type` (`label`, `count`) VALUES ('West Rollinshire', 160);
INSERT INTO `Type` (`label`, `count`) VALUES ('West Stefanie', 72);
INSERT INTO `Type` (`label`, `count`) VALUES ('West Tremayne', 123);
INSERT INTO `Type` (`label`, `count`) VALUES ('West Tyrellmouth', 37);
INSERT INTO `Type` (`label`, `count`) VALUES ('West Zella', 170);
INSERT INTO `Type` (`label`, `count`) VALUES ('Wintheisermouth', 97);
INSERT INTO `Type` (`label`, `count`) VALUES ('Yundtbury', 124);
INSERT INTO `Type` (`label`, `count`) VALUES ('Zemlakfurt', 109);


#
# TABLE STRUCTURE FOR: User
#

INSERT INTO `User` (`userID`, `username`, `name`, `email`, `password`, `usertype`, `description`, `verified`, birthdate, `registerDate`, `profileImage`, `language`, `isDarkTheme`, `followerNum`, `ratingsNum`, `followingNum`, `bannerImage`) VALUES ('', 'johnston.mariane', 'Ebba Stoltenberg', 'terry.ankunding@example.org', '37667b47b48f945c35139ab4d0cd4aa64710da3e', '', 'Commodi aut velit aperiam eum aut provident earum. At dolore aut voluptatem. Occaecati iusto omnis et aut. Incidunt tempore ut nobis molestias.', 1, '1983-12-21', '2008-10-30', 'http://lorempixel.com/400/400/', '', 0, 0, 167, 0, 6);
INSERT INTO `User` (`userID`, `username`, `name`, `email`, `password`, `usertype`, `description`, `verified`, birthdate, `registerDate`, `profileImage`, `language`, `isDarkTheme`, `followerNum`, `ratingsNum`, `followingNum`, `bannerImage`) VALUES ('10', 'qbotsford', 'Dave Hauck', 'mraz.eleanora@example.org', 'b72aa3d3178bcd082d7d56818aa90226703ccb6b', '', 'Et rerum commodi corporis facere laborum recusandae. Eos tenetur quisquam exercitationem in voluptatibus rerum quam veritatis. Deserunt adipisci ex quibusdam pariatur iure natus sed.', 1, '1983-01-11', '1978-05-16', 'http://lorempixel.com/400/400/', '1', 0, 0, 227, 0, 7);
INSERT INTO `User` (`userID`, `username`, `name`, `email`, `password`, `usertype`, `description`, `verified`, birthdate, `registerDate`, `profileImage`, `language`, `isDarkTheme`, `followerNum`, `ratingsNum`, `followingNum`, `bannerImage`) VALUES ('100', 'jordane88', 'Loren Bins', 'ziemann.brant@example.org', 'cca2005f8dc1cb18d9aad74961e1708815f9d7c2', '', 'Distinctio et placeat aut. Vitae qui voluptate aperiam sint pariatur est provident. Id beatae sed eveniet est vel sit eos.', 1, '2014-09-27', '1995-01-11', 'http://lorempixel.com/400/400/', '1', 0, 0, 178, 0, 3);
INSERT INTO `User` (`userID`, `username`, `name`, `email`, `password`, `usertype`, `description`, `verified`, birthdate, `registerDate`, `profileImage`, `language`, `isDarkTheme`, `followerNum`, `ratingsNum`, `followingNum`, `bannerImage`) VALUES ('103', 'dlemke', 'Theresa Mueller', 'maiya55@example.net', '1555ab80875d2c07e22b2102da3d7cce7fb91633', '', 'Tenetur quos eos libero autem laudantium. Suscipit suscipit aut ex neque. Tempora totam magnam sapiente illo quam dolorem. Neque error ipsum labore rerum sint aut quasi ea.', 1, '2004-04-15', '1993-04-28', 'http://lorempixel.com/400/400/', '', 0, 0, 248, 0, 1);
INSERT INTO `User` (`userID`, `username`, `name`, `email`, `password`, `usertype`, `description`, `verified`, birthdate, `registerDate`, `profileImage`, `language`, `isDarkTheme`, `followerNum`, `ratingsNum`, `followingNum`, `bannerImage`) VALUES ('106', 'maymie.mohr', 'Adonis Eichmann I', 'charlie39@example.com', 'aa0d5bfdd18f9759071f7324e5efea2dea039b84', '', 'Ad aut voluptate repellat qui corporis ut. Est eum et et in. Voluptatem aut quisquam qui laboriosam qui neque.', 1, '1981-11-19', '1997-04-17', 'http://lorempixel.com/400/400/', '', 0, 0, 271, 0, 4);
INSERT INTO `User` (`userID`, `username`, `name`, `email`, `password`, `usertype`, `description`, `verified`, birthdate, `registerDate`, `profileImage`, `language`, `isDarkTheme`, `followerNum`, `ratingsNum`, `followingNum`, `bannerImage`) VALUES ('108', 'ava34', 'Blanche Torphy', 'joan.ritchie@example.net', 'd0994dba8d0c3984b49ab89ca82466a674491458', '', 'Ut vitae molestiae placeat quam odio provident. Repellendus autem vel ratione excepturi. Esse et vero molestiae ut. Beatae quia eveniet alias necessitatibus dolorem aut.', 1, '1993-04-15', '2013-03-04', 'http://lorempixel.com/400/400/', '', 0, 0, 52, 0, 3);
INSERT INTO `User` (`userID`, `username`, `name`, `email`, `password`, `usertype`, `description`, `verified`, birthdate, `registerDate`, `profileImage`, `language`, `isDarkTheme`, `followerNum`, `ratingsNum`, `followingNum`, `bannerImage`) VALUES ('113', 'konopelski.euna', 'Dr. Shea Bartoletti', 'langworth.giovani@example.net', '2c2878c7fdf0321b4e671c6df1c686db43af7914', '', 'In qui dolores ea consequatur optio velit sunt. Est ex facilis ut sunt assumenda iure perspiciatis non. Facilis quibusdam sequi aliquam dolore quaerat dolores omnis.', 1, '1988-07-28', '1973-07-14', 'http://lorempixel.com/400/400/', '', 0, 0, 254, 0, 5);
INSERT INTO `User` (`userID`, `username`, `name`, `email`, `password`, `usertype`, `description`, `verified`, birthdate, `registerDate`, `profileImage`, `language`, `isDarkTheme`, `followerNum`, `ratingsNum`, `followingNum`, `bannerImage`) VALUES ('114', 'vwilliamson', 'Thurman Crona', 'mae.gleason@example.com', 'a2733b6e159f31bde9e12992d9ace921eb6f0817', '', 'Aut quaerat reiciendis vero laborum. Ea aliquid quaerat aliquam vel. Aut quis omnis aliquid similique eligendi quo id.', 1, '2017-06-01', '2008-09-04', 'http://lorempixel.com/400/400/', '', 0, 0, 120, 0, 1);
INSERT INTO `User` (`userID`, `username`, `name`, `email`, `password`, `usertype`, `description`, `verified`, birthdate, `registerDate`, `profileImage`, `language`, `isDarkTheme`, `followerNum`, `ratingsNum`, `followingNum`, `bannerImage`) VALUES ('117', 'jose63', 'Ahmed VonRueden IV', 'corkery.kiarra@example.org', 'e8493605c3438bea6decd1a6339a947d9a6effa4', '', 'Aut officia esse nobis voluptas asperiores. Assumenda ullam dignissimos inventore assumenda consectetur ut. Facere vitae omnis accusantium sit aut.', 0, '2021-07-06', '2011-06-02', 'http://lorempixel.com/400/400/', '1', 0, 0, 142, 0, 5);
INSERT INTO `User` (`userID`, `username`, `name`, `email`, `password`, `usertype`, `description`, `verified`, birthdate, `registerDate`, `profileImage`, `language`, `isDarkTheme`, `followerNum`, `ratingsNum`, `followingNum`, `bannerImage`) VALUES ('118', 'farrell.eleanora', 'Myrna Romaguera', 'garrick61@example.com', 'fb6b14032679ac925861c793f9c114c157bcc650', '', 'Consectetur et dolores suscipit voluptas. Modi ducimus corrupti optio et sint itaque. Doloribus eaque alias doloribus repellat enim ab illo. Possimus assumenda qui quas similique.', 1, '2012-07-03', '2012-07-27', 'http://lorempixel.com/400/400/', '1', 0, 0, 224, 0, 7);
INSERT INTO `User` (`userID`, `username`, `name`, `email`, `password`, `usertype`, `description`, `verified`, birthdate, `registerDate`, `profileImage`, `language`, `isDarkTheme`, `followerNum`, `ratingsNum`, `followingNum`, `bannerImage`) VALUES ('12', 'nicole13', 'Herta Rau', 'ruth.parker@example.net', 'a933476f978414b516f5792f693763103166db57', '', 'Rem commodi sit ea provident et iure. Accusamus eius eaque eius soluta quis cumque quis sit.', 1, '2010-08-28', '1978-09-20', 'http://lorempixel.com/400/400/', '', 0, 0, 19, 0, 5);
INSERT INTO `User` (`userID`, `username`, `name`, `email`, `password`, `usertype`, `description`, `verified`, birthdate, `registerDate`, `profileImage`, `language`, `isDarkTheme`, `followerNum`, `ratingsNum`, `followingNum`, `bannerImage`) VALUES ('120', 'mable.schmitt', 'Lesly Smith', 'kcrist@example.net', 'dfcbc20b723c5595c8cbde18eaf09d480bd0875c', '', 'Dicta pariatur adipisci ipsa fuga mollitia et. Reprehenderit cum numquam corporis. Eaque quisquam voluptas nisi cum est quia.', 0, '2012-12-14', '1996-04-04', 'http://lorempixel.com/400/400/', '', 0, 0, 207, 0, 9);
INSERT INTO `User` (`userID`, `username`, `name`, `email`, `password`, `usertype`, `description`, `verified`, birthdate, `registerDate`, `profileImage`, `language`, `isDarkTheme`, `followerNum`, `ratingsNum`, `followingNum`, `bannerImage`) VALUES ('122', 'weissnat.oswaldo', 'Leanne Christiansen', 'sunny.stehr@example.com', '386d9f43cca2cfe2e4fb5f7504c40a469a6e66e6', '', 'Quas provident necessitatibus reiciendis. Ut aperiam architecto dignissimos qui molestias voluptatum. Nihil rerum aut aliquid aut ratione.', 1, '1996-04-15', '1992-11-15', 'http://lorempixel.com/400/400/', '1', 0, 0, 88, 0, 8);
INSERT INTO `User` (`userID`, `username`, `name`, `email`, `password`, `usertype`, `description`, `verified`, birthdate, `registerDate`, `profileImage`, `language`, `isDarkTheme`, `followerNum`, `ratingsNum`, `followingNum`, `bannerImage`) VALUES ('127', 'delfina66', 'Aisha Zieme IV', 'weissnat.wilfredo@example.com', '58debed8716c2443a83537fc0f0d169a38d5c748', '', 'At eum iusto architecto dolorem omnis illo. Rem qui architecto deleniti omnis quae qui. Qui qui sunt rem necessitatibus est quibusdam tempore totam.', 1, '1971-11-30', '1992-12-07', 'http://lorempixel.com/400/400/', '', 0, 0, 66, 0, 7);
INSERT INTO `User` (`userID`, `username`, `name`, `email`, `password`, `usertype`, `description`, `verified`, birthdate, `registerDate`, `profileImage`, `language`, `isDarkTheme`, `followerNum`, `ratingsNum`, `followingNum`, `bannerImage`) VALUES ('128', 'qschmeler', 'Nicolette Koepp', 'hilpert.annie@example.com', 'abc1756c600c39492083bfb45ca3526de3edb876', '', 'Impedit eligendi nam ut omnis neque illum. Ut possimus sed cum nemo possimus accusamus sed eos. Deserunt soluta maxime eius aliquid at.', 0, '1999-08-22', '1973-03-25', 'http://lorempixel.com/400/400/', '1', 0, 0, 159, 0, 8);
INSERT INTO `User` (`userID`, `username`, `name`, `email`, `password`, `usertype`, `description`, `verified`, birthdate, `registerDate`, `profileImage`, `language`, `isDarkTheme`, `followerNum`, `ratingsNum`, `followingNum`, `bannerImage`) VALUES ('13', 'bernardo50', 'Dr. Dan Crooks IV', 'gbrown@example.net', '312fe0c13b7c602236e38cd4bd12b9e0ddb1213f', '', 'Cumque et aliquid voluptatum natus. Voluptatem tempora minima aliquid. Pariatur perferendis ut facilis voluptatem eius dicta consequatur beatae.', 1, '2010-05-12', '1983-06-06', 'http://lorempixel.com/400/400/', '', 0, 0, 227, 0, 0);
INSERT INTO `User` (`userID`, `username`, `name`, `email`, `password`, `usertype`, `description`, `verified`, birthdate, `registerDate`, `profileImage`, `language`, `isDarkTheme`, `followerNum`, `ratingsNum`, `followingNum`, `bannerImage`) VALUES ('132', 'orn.sallie', 'Anastasia Abernathy', 'urban36@example.com', 'a3aa2f30c702b72fa7ba46a2e006d090e6b1a35c', '', 'Excepturi cumque at quis veritatis voluptates voluptate molestias. Sunt incidunt eum quod qui tempore. Et in aperiam dolor doloribus in eum autem.', 0, '1978-10-21', '1988-11-16', 'http://lorempixel.com/400/400/', '1', 0, 0, 71, 0, 4);
INSERT INTO `User` (`userID`, `username`, `name`, `email`, `password`, `usertype`, `description`, `verified`, birthdate, `registerDate`, `profileImage`, `language`, `isDarkTheme`, `followerNum`, `ratingsNum`, `followingNum`, `bannerImage`) VALUES ('135', 'paula.rolfson', 'Shirley Moen', 'maximillia.vandervort@example.org', 'e22fde65029d9a096cc9b2af153cd02e44274995', '', 'Error qui quos ipsa aut. Non qui ut nam et exercitationem et voluptatem molestiae. Cum rerum commodi voluptas voluptatibus non dolorem quidem. Sint quo et nulla ullam.', 1, '1984-12-24', '1972-07-22', 'http://lorempixel.com/400/400/', '', 0, 0, 13, 0, 3);
INSERT INTO `User` (`userID`, `username`, `name`, `email`, `password`, `usertype`, `description`, `verified`, birthdate, `registerDate`, `profileImage`, `language`, `isDarkTheme`, `followerNum`, `ratingsNum`, `followingNum`, `bannerImage`) VALUES ('136', 'mauricio07', 'Dora Keeling', 'mcrist@example.net', '336b030eb2947f80fbc72eb1477e9c5a82f5f500', '', 'Alias voluptas ut alias aut praesentium odio. Aut qui illo nisi laboriosam molestiae ut. Et dolorem quam quidem sint vel ab.', 0, '1999-02-25', '2006-01-07', 'http://lorempixel.com/400/400/', '', 0, 0, 218, 0, 2);
INSERT INTO `User` (`userID`, `username`, `name`, `email`, `password`, `usertype`, `description`, `verified`, birthdate, `registerDate`, `profileImage`, `language`, `isDarkTheme`, `followerNum`, `ratingsNum`, `followingNum`, `bannerImage`) VALUES ('141', 'heathcote.kyra', 'Karianne Watsica', 'adah.steuber@example.org', 'bf31b62807150cdbc370e4348c4014ea1c7d5189', '', 'Explicabo quod qui incidunt. Id reprehenderit quis est est. Nostrum et fugit qui sapiente.', 0, '1976-01-13', '1982-03-21', 'http://lorempixel.com/400/400/', '', 0, 0, 277, 0, 3);
INSERT INTO `User` (`userID`, `username`, `name`, `email`, `password`, `usertype`, `description`, `verified`, birthdate, `registerDate`, `profileImage`, `language`, `isDarkTheme`, `followerNum`, `ratingsNum`, `followingNum`, `bannerImage`) VALUES ('142', 'linnie73', 'Ivory Ernser', 'osinski.daniella@example.org', '16555035365d7d0483daaea7dec82e770133d17d', '', 'Vel et impedit minima et atque accusantium. Qui non doloremque dolorum autem facilis aspernatur omnis voluptatem. Facilis porro architecto molestias perferendis harum voluptatibus. Eveniet error ut iure eaque reiciendis dolores.', 1, '1980-09-27', '1972-07-13', 'http://lorempixel.com/400/400/', '', 0, 0, 55, 0, 4);
INSERT INTO `User` (`userID`, `username`, `name`, `email`, `password`, `usertype`, `description`, `verified`, birthdate, `registerDate`, `profileImage`, `language`, `isDarkTheme`, `followerNum`, `ratingsNum`, `followingNum`, `bannerImage`) VALUES ('147', 'viviane49', 'Dr. Stewart Gleichner V', 'cassin.candida@example.com', '9f3af598d0a991a74179d94b92e0c590edfcca68', '', 'Voluptate explicabo et eos. Repudiandae cum reprehenderit repudiandae quis quo ea voluptatem. Et consectetur pariatur quibusdam fugit vel.', 0, '1980-02-16', '1991-03-15', 'http://lorempixel.com/400/400/', '1', 0, 0, 20, 0, 9);
INSERT INTO `User` (`userID`, `username`, `name`, `email`, `password`, `usertype`, `description`, `verified`, birthdate, `registerDate`, `profileImage`, `language`, `isDarkTheme`, `followerNum`, `ratingsNum`, `followingNum`, `bannerImage`) VALUES ('15', 'simonis.meaghan', 'Lionel Jacobs MD', 'aimee37@example.com', '1cbeeb95e8e647309c9b0d31b740c9cefa38579e', '', 'Dolorum perferendis ex adipisci rem minus. Nisi nobis molestiae aut ipsa enim numquam reprehenderit.', 1, '1970-07-04', '2017-01-18', 'http://lorempixel.com/400/400/', '', 0, 0, 216, 0, 0);
INSERT INTO `User` (`userID`, `username`, `name`, `email`, `password`, `usertype`, `description`, `verified`, birthdate, `registerDate`, `profileImage`, `language`, `isDarkTheme`, `followerNum`, `ratingsNum`, `followingNum`, `bannerImage`) VALUES ('158', 'tleannon', 'Liliana Kuphal', 'maggio.rachel@example.net', '1bb374cb8d10b7e389f912e484078632d9297abb', '', 'Et qui est voluptatem nesciunt aperiam illum. Rerum odit eos est accusamus fugiat.', 0, '1972-08-07', '1983-11-06', 'http://lorempixel.com/400/400/', '1', 0, 0, 229, 0, 9);
INSERT INTO `User` (`userID`, `username`, `name`, `email`, `password`, `usertype`, `description`, `verified`, birthdate, `registerDate`, `profileImage`, `language`, `isDarkTheme`, `followerNum`, `ratingsNum`, `followingNum`, `bannerImage`) VALUES ('160', 'jacobs.larue', 'Mr. Coty Morar Jr.', 'jany29@example.com', '3d26d63b0359bde986f6d53eb907ab2b6ed518b6', '', 'Nihil itaque molestiae et et. Tempore quasi non aut consequatur. Iusto tempore quod dolore dolores. Dolor quia placeat asperiores debitis est dolor error.', 0, '1977-08-15', '1979-10-22', 'http://lorempixel.com/400/400/', '1', 0, 0, 178, 0, 2);
INSERT INTO `User` (`userID`, `username`, `name`, `email`, `password`, `usertype`, `description`, `verified`, birthdate, `registerDate`, `profileImage`, `language`, `isDarkTheme`, `followerNum`, `ratingsNum`, `followingNum`, `bannerImage`) VALUES ('168', 'brittany35', 'Amina Murphy', 'antonietta.mcclure@example.org', 'eb436a073ac21080bc218962497bb24e23b0c2d6', '', 'Asperiores similique eaque voluptates voluptatem quia laboriosam. Magnam beatae sed asperiores repellendus incidunt.', 0, '2003-05-15', '1995-01-26', 'http://lorempixel.com/400/400/', '', 0, 0, 271, 0, 0);
INSERT INTO `User` (`userID`, `username`, `name`, `email`, `password`, `usertype`, `description`, `verified`, birthdate, `registerDate`, `profileImage`, `language`, `isDarkTheme`, `followerNum`, `ratingsNum`, `followingNum`, `bannerImage`) VALUES ('17', 'dejah68', 'Prof. Reed Hartmann PhD', 'johnathan21@example.com', 'c8c07bb05bce5bfb82451d63438da165eaac21b5', '', 'Qui omnis et quis. Doloribus quo et enim quibusdam. Perspiciatis fugit animi dolorem sint doloribus sed modi. Ducimus vel corrupti et fugit at earum molestias.', 0, '1981-05-30', '2000-11-30', 'http://lorempixel.com/400/400/', '', 0, 0, 114, 0, 2);
INSERT INTO `User` (`userID`, `username`, `name`, `email`, `password`, `usertype`, `description`, `verified`, birthdate, `registerDate`, `profileImage`, `language`, `isDarkTheme`, `followerNum`, `ratingsNum`, `followingNum`, `bannerImage`) VALUES ('173', 'tre68', 'Edythe Turcotte', 'hermiston.magnus@example.org', '08345ccfd38d26b13353b9caa9ce3d587363db4a', '', 'Sit porro reprehenderit maiores sequi placeat esse. Nostrum et qui velit eos necessitatibus.', 1, '1990-01-18', '1995-02-13', 'http://lorempixel.com/400/400/', '1', 0, 0, 236, 0, 4);
INSERT INTO `User` (`userID`, `username`, `name`, `email`, `password`, `usertype`, `description`, `verified`, birthdate, `registerDate`, `profileImage`, `language`, `isDarkTheme`, `followerNum`, `ratingsNum`, `followingNum`, `bannerImage`) VALUES ('174', 'buck27', 'Prof. Richard Collins III', 'amaya.connelly@example.com', '1d1678f74e92920e75f9b34ac9eba9d7bcc1091e', '', 'Quia eligendi cumque et vitae. Architecto sed necessitatibus est quisquam. Est porro optio neque.', 1, '2020-07-03', '1988-07-17', 'http://lorempixel.com/400/400/', '', 0, 0, 106, 0, 4);
INSERT INTO `User` (`userID`, `username`, `name`, `email`, `password`, `usertype`, `description`, `verified`, birthdate, `registerDate`, `profileImage`, `language`, `isDarkTheme`, `followerNum`, `ratingsNum`, `followingNum`, `bannerImage`) VALUES ('175', 'clair28', 'Prof. Lera Baumbach III', 'botsford.tatum@example.com', '1a05c518c46cf165e7cf90aebbd06af4a954c605', '', 'A totam aliquid in nihil facilis. Et id optio totam magnam error ut est perferendis. Non quae non fuga architecto. Dolor architecto voluptas iusto est enim et at. Non magnam voluptatem soluta hic adipisci sunt architecto.', 1, '2009-01-04', '1978-01-11', 'http://lorempixel.com/400/400/', '', 0, 0, 200, 0, 9);
INSERT INTO `User` (`userID`, `username`, `name`, `email`, `password`, `usertype`, `description`, `verified`, birthdate, `registerDate`, `profileImage`, `language`, `isDarkTheme`, `followerNum`, `ratingsNum`, `followingNum`, `bannerImage`) VALUES ('179', 'nels47', 'Prof. Augusta Predovic MD', 'qmarvin@example.net', 'c2afdfff6ca1033039e0215ff35359cf4e4b2d5a', '', 'Vel enim deserunt cupiditate qui occaecati animi autem. Excepturi omnis illum dolor quas eum unde. Labore nihil quo fugiat deserunt. Sint eum et quasi quis ut debitis quia.', 0, '2014-05-26', '2017-01-05', 'http://lorempixel.com/400/400/', '', 0, 0, 2, 0, 9);
INSERT INTO `User` (`userID`, `username`, `name`, `email`, `password`, `usertype`, `description`, `verified`, birthdate, `registerDate`, `profileImage`, `language`, `isDarkTheme`, `followerNum`, `ratingsNum`, `followingNum`, `bannerImage`) VALUES ('184', 'cassin.kimberly', 'Desiree Bauch', 'hane.frank@example.com', 'ff3f3f8d5f977ed03084f43da73e6aff3f51b1d2', '', 'Excepturi qui fuga eius suscipit voluptatum iusto aperiam soluta. Nulla molestias iure iure dolore autem commodi facilis. Molestiae quis assumenda occaecati odio laborum. Quibusdam eligendi ut ea in iure. Libero animi consequatur et nulla fuga.', 0, '2009-08-30', '2019-04-06', 'http://lorempixel.com/400/400/', '', 0, 0, 113, 0, 3);
INSERT INTO `User` (`userID`, `username`, `name`, `email`, `password`, `usertype`, `description`, `verified`, birthdate, `registerDate`, `profileImage`, `language`, `isDarkTheme`, `followerNum`, `ratingsNum`, `followingNum`, `bannerImage`) VALUES ('186', 'kris.clifton', 'Kailey Koch', 'kaya.willms@example.org', '22b6d971b1f6b083615f9a0b67f5f0c5cbcbcead', '', 'Animi architecto qui in ut accusamus. Modi est ipsum possimus numquam at. Consequatur doloremque et dolore qui autem et neque. Autem id molestiae et ipsum commodi laudantium. Dolore inventore non nesciunt.', 0, '2004-07-07', '2015-09-11', 'http://lorempixel.com/400/400/', '', 0, 0, 82, 0, 9);
INSERT INTO `User` (`userID`, `username`, `name`, `email`, `password`, `usertype`, `description`, `verified`, birthdate, `registerDate`, `profileImage`, `language`, `isDarkTheme`, `followerNum`, `ratingsNum`, `followingNum`, `bannerImage`) VALUES ('189', 'hermina90', 'Dr. Kip Kuvalis', 'brisa.jacobs@example.com', '683d5db23ec5705a8e9678cd62b275ffb9b33b65', '', 'Repellendus reiciendis ut aut tempore sunt. Sapiente perspiciatis cum et doloribus soluta error. Nisi in ipsam et repellat repellat voluptas.', 1, '1976-05-05', '1989-09-25', 'http://lorempixel.com/400/400/', '', 0, 0, 73, 0, 6);
INSERT INTO `User` (`userID`, `username`, `name`, `email`, `password`, `usertype`, `description`, `verified`, birthdate, `registerDate`, `profileImage`, `language`, `isDarkTheme`, `followerNum`, `ratingsNum`, `followingNum`, `bannerImage`) VALUES ('190', 'alison97', 'Dr. Crystal Reichert Sr.', 'trace.wilkinson@example.org', '1261983dfa63102ad2fa587de54ef5e95121264b', '', 'Eos quo at vero ea aperiam veritatis cumque. Ipsa magni omnis harum sit corporis officiis. Ex minus sapiente vel. Et iusto in cupiditate sunt inventore dolorem.', 0, '1974-08-06', '1973-08-07', 'http://lorempixel.com/400/400/', '', 0, 0, 150, 0, 5);
INSERT INTO `User` (`userID`, `username`, `name`, `email`, `password`, `usertype`, `description`, `verified`, birthdate, `registerDate`, `profileImage`, `language`, `isDarkTheme`, `followerNum`, `ratingsNum`, `followingNum`, `bannerImage`) VALUES ('192', 'tpacocha', 'Prof. Bertha Nader PhD', 'ohettinger@example.org', '2c0413a6e5e980fe9ccbe5bb109b1b2275562c02', '', 'Quo est aut voluptates maiores nisi quia. Et adipisci omnis aut quos optio harum. Aut animi quasi illo temporibus rerum id magni voluptas. Sit omnis voluptatibus accusamus rerum necessitatibus quibusdam.', 1, '1973-06-18', '1975-05-18', 'http://lorempixel.com/400/400/', '', 0, 0, 115, 0, 8);
INSERT INTO `User` (`userID`, `username`, `name`, `email`, `password`, `usertype`, `description`, `verified`, birthdate, `registerDate`, `profileImage`, `language`, `isDarkTheme`, `followerNum`, `ratingsNum`, `followingNum`, `bannerImage`) VALUES ('193', 'herminio.borer', 'Joshua Nicolas', 'yost.mckayla@example.com', '5454d64a88071999c8ae5c900116f03a76246ca0', '', 'Voluptatem autem placeat saepe. Illum et harum officia reprehenderit voluptatem. Repellat numquam sit vel optio adipisci quis nesciunt officiis.', 1, '2011-03-30', '1994-12-14', 'http://lorempixel.com/400/400/', '', 0, 0, 54, 0, 4);
INSERT INTO `User` (`userID`, `username`, `name`, `email`, `password`, `usertype`, `description`, `verified`, birthdate, `registerDate`, `profileImage`, `language`, `isDarkTheme`, `followerNum`, `ratingsNum`, `followingNum`, `bannerImage`) VALUES ('198', 'ima.yundt', 'Dr. Chester Stark III', 'jaclyn.marquardt@example.com', '2c1a8207e32cf89e3c8da655ce61c39c6e82ac93', '', 'Natus recusandae accusamus aut eius. Nihil amet ut corporis fugiat libero. Qui consequuntur aut sed reprehenderit.', 0, '2014-11-03', '2003-10-20', 'http://lorempixel.com/400/400/', '1', 0, 0, 253, 0, 4);
INSERT INTO `User` (`userID`, `username`, `name`, `email`, `password`, `usertype`, `description`, `verified`, birthdate, `registerDate`, `profileImage`, `language`, `isDarkTheme`, `followerNum`, `ratingsNum`, `followingNum`, `bannerImage`) VALUES ('20', 'mortimer.bednar', 'Mrs. Susie Cassin MD', 'gardner.ebert@example.net', 'babdb9b9d5a18b6624d20c9fc72376ad223acd6f', '', 'Perspiciatis dolorem voluptatum consequatur sapiente. Sit deserunt consequuntur quia consequuntur qui a. Quisquam ducimus occaecati expedita ullam sit.', 0, '1977-08-13', '1983-02-16', 'http://lorempixel.com/400/400/', '', 0, 0, 246, 0, 1);
INSERT INTO `User` (`userID`, `username`, `name`, `email`, `password`, `usertype`, `description`, `verified`, birthdate, `registerDate`, `profileImage`, `language`, `isDarkTheme`, `followerNum`, `ratingsNum`, `followingNum`, `bannerImage`) VALUES ('201', 'reynolds.flossie', 'Prof. Shanel O\'Connell', 'blick.thomas@example.net', 'ada6016bea3cca09ba42bf1b7b44e2c9a79103b6', '', 'Similique sed dolorem numquam ratione et optio nam. Sunt voluptates quasi et rerum cumque. Tempora dolor nisi reprehenderit labore incidunt occaecati.', 1, '1985-06-12', '2018-01-15', 'http://lorempixel.com/400/400/', '', 0, 0, 115, 0, 8);
INSERT INTO `User` (`userID`, `username`, `name`, `email`, `password`, `usertype`, `description`, `verified`, birthdate, `registerDate`, `profileImage`, `language`, `isDarkTheme`, `followerNum`, `ratingsNum`, `followingNum`, `bannerImage`) VALUES ('202', 'abigail.brown', 'Mrs. Dominique Legros PhD', 'ryan.madisyn@example.com', '4fa0777c719460cb24be34f331492f8fd28fa4d6', '', 'Et voluptas aspernatur officiis voluptatum. At sunt numquam nemo quia voluptate odio. Pariatur consequuntur et officiis mollitia est vel repudiandae. Inventore incidunt nihil qui quis itaque dolorem asperiores assumenda. Laboriosam quo voluptatum voluptas ', 1, '1993-04-21', '2012-04-03', 'http://lorempixel.com/400/400/', '', 0, 0, 102, 0, 2);
INSERT INTO `User` (`userID`, `username`, `name`, `email`, `password`, `usertype`, `description`, `verified`, birthdate, `registerDate`, `profileImage`, `language`, `isDarkTheme`, `followerNum`, `ratingsNum`, `followingNum`, `bannerImage`) VALUES ('206', 'otha.grant', 'Weston Grant', 'chaya67@example.net', 'dbd5b31465275f76b92a25edf7263088a8d6526e', '', 'Maiores eligendi sequi qui quaerat id recusandae. Quibusdam cupiditate sequi nemo error. Ipsam rerum labore ut quia culpa possimus.', 1, '1998-07-23', '1985-09-21', 'http://lorempixel.com/400/400/', '1', 0, 0, 193, 0, 1);
INSERT INTO `User` (`userID`, `username`, `name`, `email`, `password`, `usertype`, `description`, `verified`, birthdate, `registerDate`, `profileImage`, `language`, `isDarkTheme`, `followerNum`, `ratingsNum`, `followingNum`, `bannerImage`) VALUES ('207', 'enitzsche', 'Fleta Morissette', 'devon.hoppe@example.com', '43bd35c2642c80d27f19a40defabe84d5ab4c95b', '', 'Assumenda quas illo incidunt delectus cupiditate. Enim animi nesciunt est facere vero autem. Ullam modi qui eos consectetur eveniet expedita. Eos ratione commodi iste unde.', 1, '1998-03-15', '1985-07-22', 'http://lorempixel.com/400/400/', '1', 0, 0, 266, 0, 1);
INSERT INTO `User` (`userID`, `username`, `name`, `email`, `password`, `usertype`, `description`, `verified`, birthdate, `registerDate`, `profileImage`, `language`, `isDarkTheme`, `followerNum`, `ratingsNum`, `followingNum`, `bannerImage`) VALUES ('208', 'anahi92', 'Dominic Treutel', 'anastasia86@example.com', '46faa8acdf6ff39bc90095e3d5d6eb5d7ee8c21d', '', 'Magni rerum ducimus laborum itaque placeat. Quisquam amet perferendis porro nihil est ipsum assumenda et. Alias quam vel similique. Maiores ex non qui sit maiores.', 0, '2015-05-28', '2010-09-11', 'http://lorempixel.com/400/400/', '', 0, 0, 115, 0, 8);
INSERT INTO `User` (`userID`, `username`, `name`, `email`, `password`, `usertype`, `description`, `verified`, birthdate, `registerDate`, `profileImage`, `language`, `isDarkTheme`, `followerNum`, `ratingsNum`, `followingNum`, `bannerImage`) VALUES ('210', 'corrine53', 'Hannah Swaniawski V', 'dleuschke@example.com', 'af3fba9723906d93dff5249ec5ae021bc493fdb0', '', 'Quo qui itaque consequuntur doloribus natus. Aut praesentium earum laboriosam culpa. Deleniti numquam optio quos. Dolorum officia voluptatem accusamus optio voluptatem iste.', 1, '1989-06-08', '1996-05-01', 'http://lorempixel.com/400/400/', '', 0, 0, 225, 0, 8);
INSERT INTO `User` (`userID`, `username`, `name`, `email`, `password`, `usertype`, `description`, `verified`, birthdate, `registerDate`, `profileImage`, `language`, `isDarkTheme`, `followerNum`, `ratingsNum`, `followingNum`, `bannerImage`) VALUES ('211', 'dkessler', 'Estella Koelpin', 'beahan.jolie@example.com', '91d80d09244c3333a8bac4fa5d671a5ca0d380e1', '', 'Beatae aut minus qui architecto facere aliquam voluptates. Ut rerum quia fuga. Et quia harum vitae sit deleniti.', 0, '1982-01-03', '2000-12-30', 'http://lorempixel.com/400/400/', '1', 0, 0, 259, 0, 1);
INSERT INTO `User` (`userID`, `username`, `name`, `email`, `password`, `usertype`, `description`, `verified`, birthdate, `registerDate`, `profileImage`, `language`, `isDarkTheme`, `followerNum`, `ratingsNum`, `followingNum`, `bannerImage`) VALUES ('217', 'godfrey.johnston', 'Dustin Lebsack IV', 'kihn.jermaine@example.com', '8d7f600f22dc74ed66900ea32700035f33935e2e', '', 'Sed dolor ipsa rerum expedita aut. Consequatur non distinctio quo. Est porro nesciunt ut vel laborum non. Est quaerat quia repellat sint.', 1, '2000-05-26', '1974-11-19', 'http://lorempixel.com/400/400/', '1', 0, 0, 277, 0, 2);
INSERT INTO `User` (`userID`, `username`, `name`, `email`, `password`, `usertype`, `description`, `verified`, birthdate, `registerDate`, `profileImage`, `language`, `isDarkTheme`, `followerNum`, `ratingsNum`, `followingNum`, `bannerImage`) VALUES ('219', 'skiehn', 'Trinity Spencer', 'hhintz@example.org', 'd14f91739b94d58f0f3f06fa05a447a14198d02e', '', 'Inventore laudantium distinctio quae velit est architecto in. Laboriosam ipsum reiciendis nam ut. Et maxime quia qui et velit et. Animi illo voluptatum enim aliquam et commodi. Exercitationem provident facilis non magni suscipit non ipsum.', 0, '2007-04-09', '2016-11-27', 'http://lorempixel.com/400/400/', '1', 0, 0, 206, 0, 4);
INSERT INTO `User` (`userID`, `username`, `name`, `email`, `password`, `usertype`, `description`, `verified`, birthdate, `registerDate`, `profileImage`, `language`, `isDarkTheme`, `followerNum`, `ratingsNum`, `followingNum`, `bannerImage`) VALUES ('221', 'camren46', 'Mrs. Elyssa Prohaska I', 'pnitzsche@example.com', '597628b4ef45551e2e6630ccb9d72417f89e2ad6', '', 'Quasi omnis ex quibusdam nisi. Autem et neque impedit quam consectetur autem.', 0, '1973-12-24', '1981-09-21', 'http://lorempixel.com/400/400/', '1', 0, 0, 246, 0, 6);
INSERT INTO `User` (`userID`, `username`, `name`, `email`, `password`, `usertype`, `description`, `verified`, birthdate, `registerDate`, `profileImage`, `language`, `isDarkTheme`, `followerNum`, `ratingsNum`, `followingNum`, `bannerImage`) VALUES ('222', 'akeem.wehner', 'Olga Weissnat PhD', 'americo67@example.net', 'fc1801c17a5dacd29b804ca80d916131c1282532', '', 'Nulla ipsa mollitia fugit enim error nisi. Tempore quas et asperiores magnam quia magnam et.', 0, '2010-11-29', '2013-09-04', 'http://lorempixel.com/400/400/', '', 0, 0, 115, 0, 6);
INSERT INTO `User` (`userID`, `username`, `name`, `email`, `password`, `usertype`, `description`, `verified`, birthdate, `registerDate`, `profileImage`, `language`, `isDarkTheme`, `followerNum`, `ratingsNum`, `followingNum`, `bannerImage`) VALUES ('223', 'demario.ebert', 'Dr. Tess Will', 'jade44@example.com', '1fd26421e6676cb723831674cff5f4882975b3b4', '', 'Saepe excepturi fugit tempora eos itaque aut velit. Ipsum quibusdam laborum explicabo animi. Officia inventore id illo corrupti. Ut repudiandae dicta quibusdam veritatis animi.', 1, '2018-10-13', '1982-03-04', 'http://lorempixel.com/400/400/', '', 0, 0, 151, 0, 5);
INSERT INTO `User` (`userID`, `username`, `name`, `email`, `password`, `usertype`, `description`, `verified`, birthdate, `registerDate`, `profileImage`, `language`, `isDarkTheme`, `followerNum`, `ratingsNum`, `followingNum`, `bannerImage`) VALUES ('227', 'sterling.casper', 'Ursula Gleason', 'lkris@example.com', 'fdc2cc8838f4a16389eda7e7587d2c1acae18858', '', 'Ipsum nemo sit at optio rerum laudantium. Nulla labore nisi sunt consequatur. Accusamus et ipsam rerum hic accusantium voluptatem.', 1, '1981-03-30', '2001-08-20', 'http://lorempixel.com/400/400/', '1', 0, 0, 3, 0, 1);
INSERT INTO `User` (`userID`, `username`, `name`, `email`, `password`, `usertype`, `description`, `verified`, birthdate, `registerDate`, `profileImage`, `language`, `isDarkTheme`, `followerNum`, `ratingsNum`, `followingNum`, `bannerImage`) VALUES ('230', 'barton.leonardo', 'Elna Oberbrunner', 'bailey.solon@example.net', 'c6e052ecc32bf1a51b8de6602cbea11eb938599d', '', 'Iure aliquid eum itaque blanditiis maxime quos ea. Fugit ea laboriosam delectus est occaecati ut. Minus accusantium totam aut molestiae consequatur. Eligendi exercitationem ullam voluptas corrupti illo ab. Voluptatem veritatis et inventore earum rerum.', 0, '2010-12-13', '1972-10-16', 'http://lorempixel.com/400/400/', '1', 0, 0, 131, 0, 9);
INSERT INTO `User` (`userID`, `username`, `name`, `email`, `password`, `usertype`, `description`, `verified`, birthdate, `registerDate`, `profileImage`, `language`, `isDarkTheme`, `followerNum`, `ratingsNum`, `followingNum`, `bannerImage`) VALUES ('235', 'maye.stoltenberg', 'Alvera Abshire', 'rhartmann@example.com', '7f4e23acae0488773dbe7ced02e15ea10f35f50d', '', 'Non delectus eos et voluptatibus. Aut occaecati modi at aperiam tempora nihil ipsam. Qui impedit corrupti veritatis eos fuga ea omnis.', 1, '2003-02-03', '1990-09-03', 'http://lorempixel.com/400/400/', '1', 0, 0, 231, 0, 8);
INSERT INTO `User` (`userID`, `username`, `name`, `email`, `password`, `usertype`, `description`, `verified`, birthdate, `registerDate`, `profileImage`, `language`, `isDarkTheme`, `followerNum`, `ratingsNum`, `followingNum`, `bannerImage`) VALUES ('236', 'ihettinger', 'Johathan Kozey', 'eauer@example.org', 'ad3822c941a5d49d5edf955e8750df0add53a366', '', 'Quos et doloribus eum dolorum. Reiciendis voluptatum quasi voluptatem et quo et rerum. Incidunt doloremque rerum soluta quaerat cum. Enim deserunt optio et dolorem quod labore accusantium quos.', 0, '1985-05-23', '1981-02-14', 'http://lorempixel.com/400/400/', '', 0, 0, 141, 0, 1);
INSERT INTO `User` (`userID`, `username`, `name`, `email`, `password`, `usertype`, `description`, `verified`, birthdate, `registerDate`, `profileImage`, `language`, `isDarkTheme`, `followerNum`, `ratingsNum`, `followingNum`, `bannerImage`) VALUES ('237', 'kenny.bartoletti', 'Kieran Luettgen', 'jgottlieb@example.com', 'daf6ac82e40cd8af963dec8cb3145f6d8b56a0e4', '', 'Porro numquam deserunt architecto voluptas quia autem facere. Amet iste sit perspiciatis rerum deleniti commodi debitis labore. Doloribus provident sit natus nihil non.', 1, '1995-02-09', '2016-04-24', 'http://lorempixel.com/400/400/', '1', 0, 0, 17, 0, 7);
INSERT INTO `User` (`userID`, `username`, `name`, `email`, `password`, `usertype`, `description`, `verified`, birthdate, `registerDate`, `profileImage`, `language`, `isDarkTheme`, `followerNum`, `ratingsNum`, `followingNum`, `bannerImage`) VALUES ('24', 'wiza.trinity', 'Herminia Kub DVM', 'martina79@example.org', '0e8408f09dafd7203e513360aec4d80cf645f59d', '', 'Enim voluptatibus voluptas commodi maxime. Mollitia ex est fugit autem dolorem. Est harum facere voluptatibus excepturi.', 1, '1995-04-23', '1991-11-04', 'http://lorempixel.com/400/400/', '', 0, 0, 236, 0, 3);
INSERT INTO `User` (`userID`, `username`, `name`, `email`, `password`, `usertype`, `description`, `verified`, birthdate, `registerDate`, `profileImage`, `language`, `isDarkTheme`, `followerNum`, `ratingsNum`, `followingNum`, `bannerImage`) VALUES ('240', 'anissa72', 'Raul McDermott', 'whirthe@example.com', '9df2b8bd5c16039e6500de2c8948a4f950cef5fc', '', 'Amet nemo consequatur cumque nihil facilis. Magnam dolorem qui natus quia maiores. Non nisi sequi velit sit mollitia est nihil. Nulla omnis in nihil.', 1, '2019-09-20', '1999-10-05', 'http://lorempixel.com/400/400/', '', 0, 0, 178, 0, 5);
INSERT INTO `User` (`userID`, `username`, `name`, `email`, `password`, `usertype`, `description`, `verified`, birthdate, `registerDate`, `profileImage`, `language`, `isDarkTheme`, `followerNum`, `ratingsNum`, `followingNum`, `bannerImage`) VALUES ('241', 'emery.dibbert', 'Sincere Turcotte MD', 'langosh.lilly@example.com', 'd1115daadd577e789908fc44418eea959872c85d', '', 'Sint doloremque vero recusandae. Laborum hic rerum debitis voluptatum. Omnis molestiae totam soluta iste. Aliquid in ratione sit et voluptatibus ea.', 1, '2002-11-07', '2019-10-21', 'http://lorempixel.com/400/400/', '', 0, 0, 130, 0, 1);
INSERT INTO `User` (`userID`, `username`, `name`, `email`, `password`, `usertype`, `description`, `verified`, birthdate, `registerDate`, `profileImage`, `language`, `isDarkTheme`, `followerNum`, `ratingsNum`, `followingNum`, `bannerImage`) VALUES ('246', 'malinda25', 'German Greenfelder DVM', 'sarina93@example.org', 'a30bdf0ac2d135551c41b05184085bcde4635a5f', '', 'Non nam voluptatem libero qui dicta qui. Sapiente illo placeat dolorum molestiae at recusandae. Voluptatem optio nostrum voluptatem sequi exercitationem dolore. Quas aut vero recusandae consequuntur non ut possimus dolor.', 0, '2016-02-22', '1993-05-04', 'http://lorempixel.com/400/400/', '1', 0, 0, 30, 0, 6);
INSERT INTO `User` (`userID`, `username`, `name`, `email`, `password`, `usertype`, `description`, `verified`, birthdate, `registerDate`, `profileImage`, `language`, `isDarkTheme`, `followerNum`, `ratingsNum`, `followingNum`, `bannerImage`) VALUES ('256', 'berge.leda', 'Lily Hettinger', 'willis.wehner@example.org', 'a241d8f89f07b31089601d26bfa94cacd9cbc8e5', '', 'Provident esse qui quibusdam qui sint. Atque est explicabo tempore iure harum. Vel provident adipisci autem minus omnis corporis.', 0, '1995-07-25', '1970-01-08', 'http://lorempixel.com/400/400/', '1', 0, 0, 285, 0, 0);
INSERT INTO `User` (`userID`, `username`, `name`, `email`, `password`, `usertype`, `description`, `verified`, birthdate, `registerDate`, `profileImage`, `language`, `isDarkTheme`, `followerNum`, `ratingsNum`, `followingNum`, `bannerImage`) VALUES ('259', 'emard.ransom', 'Osborne Muller', 'wiegand.kirk@example.org', '6ac4045727e46dafb5960c222931164a3887bc2c', '', 'Sed eum eum quos eius eligendi perspiciatis. Optio dolorum eaque quo laborum quisquam.', 1, '2001-02-18', '1984-05-25', 'http://lorempixel.com/400/400/', '', 0, 0, 53, 0, 6);
INSERT INTO `User` (`userID`, `username`, `name`, `email`, `password`, `usertype`, `description`, `verified`, birthdate, `registerDate`, `profileImage`, `language`, `isDarkTheme`, `followerNum`, `ratingsNum`, `followingNum`, `bannerImage`) VALUES ('26', 'peyton12', 'Nico Fritsch', 'funk.juliana@example.org', '526431eead237b9f221e3379c8e162bb01d9f47d', '', 'Cumque debitis atque autem dolores. Non autem molestiae recusandae deserunt repellat. Adipisci cum quia molestias dolores temporibus blanditiis. Accusamus porro possimus totam voluptas eos consequuntur qui. Eligendi at aut ut odit.', 1, '2013-12-28', '2008-04-23', 'http://lorempixel.com/400/400/', '1', 0, 0, 285, 0, 6);
INSERT INTO `User` (`userID`, `username`, `name`, `email`, `password`, `usertype`, `description`, `verified`, birthdate, `registerDate`, `profileImage`, `language`, `isDarkTheme`, `followerNum`, `ratingsNum`, `followingNum`, `bannerImage`) VALUES ('263', 'kyleigh01', 'Micah Dibbert', 'torphy.gretchen@example.org', '9f2e1d80e593728c4449359af5c249b9cf4c0586', '', 'Excepturi tempora aperiam delectus quia ullam sapiente dicta similique. Facere dolores similique velit nulla autem deserunt voluptas. Facere voluptate omnis excepturi. Delectus et est quia rerum necessitatibus.', 0, '1991-06-21', '1986-08-12', 'http://lorempixel.com/400/400/', '', 0, 0, 20, 0, 4);
INSERT INTO `User` (`userID`, `username`, `name`, `email`, `password`, `usertype`, `description`, `verified`, birthdate, `registerDate`, `profileImage`, `language`, `isDarkTheme`, `followerNum`, `ratingsNum`, `followingNum`, `bannerImage`) VALUES ('264', 'ulises21', 'Darion Krajcik', 'vena.langosh@example.org', 'cac9dfbc5ba664aab828054c7169565b80f0af22', '', 'Omnis porro molestiae officia praesentium. Optio facere repudiandae est. Distinctio ut vitae et. Ut voluptas saepe rem.', 1, '2007-03-28', '2001-10-10', 'http://lorempixel.com/400/400/', '', 0, 0, 44, 0, 8);
INSERT INTO `User` (`userID`, `username`, `name`, `email`, `password`, `usertype`, `description`, `verified`, birthdate, `registerDate`, `profileImage`, `language`, `isDarkTheme`, `followerNum`, `ratingsNum`, `followingNum`, `bannerImage`) VALUES ('265', 'norris78', 'Fausto Hyatt', 'igerhold@example.com', '27cffda2ac1e90db2b5e3cddd90c830feb02529a', '', 'Quaerat explicabo quo voluptas. Rem aspernatur sed alias eum. Ad doloribus unde sed facilis id est. Porro tempora veritatis corporis laudantium qui. Repellat debitis id ea debitis et.', 1, '2011-11-26', '1986-08-10', 'http://lorempixel.com/400/400/', '', 0, 0, 101, 0, 9);
INSERT INTO `User` (`userID`, `username`, `name`, `email`, `password`, `usertype`, `description`, `verified`, birthdate, `registerDate`, `profileImage`, `language`, `isDarkTheme`, `followerNum`, `ratingsNum`, `followingNum`, `bannerImage`) VALUES ('267', 'miller.stanton', 'Dr. Gonzalo Becker', 'cronin.jeffrey@example.org', '0956b76672fa998a8be5fff2b1c0cfd54a32a33a', '', 'Magnam quidem sed enim qui dolore excepturi. Quidem ipsam numquam ducimus enim. Qui voluptatem officia et recusandae nostrum porro minima. Culpa nihil sunt tenetur et dolor. Ipsam minus enim et odit illo dolorem.', 1, '1981-08-06', '1995-11-22', 'http://lorempixel.com/400/400/', '1', 0, 0, 300, 0, 4);
INSERT INTO `User` (`userID`, `username`, `name`, `email`, `password`, `usertype`, `description`, `verified`, birthdate, `registerDate`, `profileImage`, `language`, `isDarkTheme`, `followerNum`, `ratingsNum`, `followingNum`, `bannerImage`) VALUES ('271', 'walter.karlee', 'Elias Morissette', 'dedric37@example.com', '81801a8f207bd39f548f4b9207f10c1d06260b29', '', 'Et et dignissimos rem mollitia fugiat aliquid ut. Exercitationem perspiciatis quas aut voluptatem aut. Non et cum explicabo fuga in rerum. Totam saepe velit magni eum quo officia.', 1, '1989-03-02', '1998-12-15', 'http://lorempixel.com/400/400/', '1', 0, 0, 274, 0, 6);
INSERT INTO `User` (`userID`, `username`, `name`, `email`, `password`, `usertype`, `description`, `verified`, birthdate, `registerDate`, `profileImage`, `language`, `isDarkTheme`, `followerNum`, `ratingsNum`, `followingNum`, `bannerImage`) VALUES ('274', 'dawson92', 'Shanie Keeling', 'mcglynn.clemens@example.com', '6b4a1e6aaa32e5638382e4ba6ed551d41a4fe5da', '', 'Voluptatem ad ipsa veritatis. Voluptatem cum quibusdam pariatur eos et qui possimus. Veritatis aut ipsam vel maiores aut. Qui illum iure unde assumenda aliquam dolorem et.', 0, '1983-11-28', '2004-02-27', 'http://lorempixel.com/400/400/', '', 0, 0, 259, 0, 4);
INSERT INTO `User` (`userID`, `username`, `name`, `email`, `password`, `usertype`, `description`, `verified`, birthdate, `registerDate`, `profileImage`, `language`, `isDarkTheme`, `followerNum`, `ratingsNum`, `followingNum`, `bannerImage`) VALUES ('277', 'cummerata.belle', 'Nelda Turner', 'elbert.johns@example.com', '05e96ad5734692c305623bdaad3206ecee2be7a1', '', 'Voluptatem quas necessitatibus rerum ipsa vero. Voluptatem quia animi officia a. Qui vel aliquam consequatur corrupti quia.', 0, '2010-12-16', '2010-02-20', 'http://lorempixel.com/400/400/', '', 0, 0, 88, 0, 2);
INSERT INTO `User` (`userID`, `username`, `name`, `email`, `password`, `usertype`, `description`, `verified`, birthdate, `registerDate`, `profileImage`, `language`, `isDarkTheme`, `followerNum`, `ratingsNum`, `followingNum`, `bannerImage`) VALUES ('278', 'granville41', 'Yessenia Smitham', 'mbreitenberg@example.org', '2b85b0872c688a9a12572d0b3907e2cf0c5ec035', '', 'Aperiam nihil qui quisquam vero ducimus velit asperiores. Laudantium maxime perspiciatis ut dolor unde. Quis deleniti ad et cupiditate voluptas vel iure. Molestiae aut at quia.', 0, '2007-09-30', '1970-10-19', 'http://lorempixel.com/400/400/', '1', 0, 0, 181, 0, 4);
INSERT INTO `User` (`userID`, `username`, `name`, `email`, `password`, `usertype`, `description`, `verified`, birthdate, `registerDate`, `profileImage`, `language`, `isDarkTheme`, `followerNum`, `ratingsNum`, `followingNum`, `bannerImage`) VALUES ('279', 'satterfield.reta', 'Brain Cormier', 'ernser.alene@example.com', 'f689084684d672853806bb97c268fc7429ec1906', '', 'Corporis blanditiis atque accusantium reiciendis necessitatibus eius quod. Ut qui deleniti voluptatem ut incidunt. Veniam architecto sed unde. Pariatur quis sapiente eveniet minus.', 0, '1974-03-18', '2011-09-03', 'http://lorempixel.com/400/400/', '', 0, 0, 298, 0, 3);
INSERT INTO `User` (`userID`, `username`, `name`, `email`, `password`, `usertype`, `description`, `verified`, birthdate, `registerDate`, `profileImage`, `language`, `isDarkTheme`, `followerNum`, `ratingsNum`, `followingNum`, `bannerImage`) VALUES ('281', 'mable72', 'Rowland Rosenbaum', 'schulist.krystina@example.net', '7a0e625d2a67621b3a5c832467f5fa91b8a1954b', '', 'Eveniet sapiente sint ut commodi voluptatem est repudiandae. Molestias dolorem dolor reiciendis recusandae sunt iste. Saepe reiciendis culpa nesciunt reiciendis. Ex eligendi laborum minima aut fugiat repudiandae reprehenderit consectetur.', 1, '1991-05-06', '1982-10-08', 'http://lorempixel.com/400/400/', '1', 0, 0, 51, 0, 7);
INSERT INTO `User` (`userID`, `username`, `name`, `email`, `password`, `usertype`, `description`, `verified`, birthdate, `registerDate`, `profileImage`, `language`, `isDarkTheme`, `followerNum`, `ratingsNum`, `followingNum`, `bannerImage`) VALUES ('284', 'earnestine.bins', 'Sallie Olson', 'mitchel98@example.net', '548d112133d9f994f879a1b48290944ddb7c9531', '', 'Consequatur labore perspiciatis temporibus consequatur ut natus sed. Nam et exercitationem harum. Sunt suscipit sunt natus error.', 1, '1982-02-26', '2002-02-27', 'http://lorempixel.com/400/400/', '', 0, 0, 175, 0, 9);
INSERT INTO `User` (`userID`, `username`, `name`, `email`, `password`, `usertype`, `description`, `verified`, birthdate, `registerDate`, `profileImage`, `language`, `isDarkTheme`, `followerNum`, `ratingsNum`, `followingNum`, `bannerImage`) VALUES ('285', 'dmcglynn', 'Miss Rossie Kerluke III', 'ggutkowski@example.net', 'eb8c64b4fcb0c38062baf7cefeee5e8c840f1f20', '', 'Consequatur est beatae qui eius libero architecto. Quam facilis quae ipsa rerum quam consequatur tempora. Reprehenderit commodi voluptas tempore placeat cum. Voluptas inventore doloremque provident enim.', 1, '1983-09-22', '2019-09-06', 'http://lorempixel.com/400/400/', '', 0, 0, 15, 0, 8);
INSERT INTO `User` (`userID`, `username`, `name`, `email`, `password`, `usertype`, `description`, `verified`, birthdate, `registerDate`, `profileImage`, `language`, `isDarkTheme`, `followerNum`, `ratingsNum`, `followingNum`, `bannerImage`) VALUES ('293', 'kiehn.margarette', 'Dr. Cedrick Batz', 'shane@example.org', '53ec58b1a2cd90848cf8443d1eef0b0dfbc151a3', '', 'Sed soluta laudantium et ut eos. Dolores ut ea nobis. Dolorem debitis omnis earum et aliquam beatae a. Doloribus dolor facilis non sed consequatur debitis et molestiae.', 0, '1997-03-07', '1978-08-02', 'http://lorempixel.com/400/400/', '', 0, 0, 277, 0, 7);
INSERT INTO `User` (`userID`, `username`, `name`, `email`, `password`, `usertype`, `description`, `verified`, birthdate, `registerDate`, `profileImage`, `language`, `isDarkTheme`, `followerNum`, `ratingsNum`, `followingNum`, `bannerImage`) VALUES ('294', 'jimmie37', 'Alexandro Swaniawski', 'zachary37@example.org', '2341cffed5e02641d0c9e8346cca4d96f369972e', '', 'Non nobis repellendus facilis. Itaque perferendis et quasi rerum magnam et. Nam sit explicabo sit est nihil.', 0, '1993-09-18', '2017-01-11', 'http://lorempixel.com/400/400/', '', 0, 0, 112, 0, 6);
INSERT INTO `User` (`userID`, `username`, `name`, `email`, `password`, `usertype`, `description`, `verified`, birthdate, `registerDate`, `profileImage`, `language`, `isDarkTheme`, `followerNum`, `ratingsNum`, `followingNum`, `bannerImage`) VALUES ('296', 'cristal.koelpin', 'Michelle Moore', 'josephine.zulauf@example.com', 'e62dfda71f7bcae032d3e2e7d409a62775944866', '', 'Commodi distinctio qui omnis tempora. Natus et provident suscipit asperiores perferendis tempore odio soluta. Non qui voluptas voluptate ullam. Qui commodi iste saepe nisi ut.', 1, '2019-06-26', '2013-01-19', 'http://lorempixel.com/400/400/', '', 0, 0, 227, 0, 4);
INSERT INTO `User` (`userID`, `username`, `name`, `email`, `password`, `usertype`, `description`, `verified`, birthdate, `registerDate`, `profileImage`, `language`, `isDarkTheme`, `followerNum`, `ratingsNum`, `followingNum`, `bannerImage`) VALUES ('299', 'toy.eliane', 'Mrs. Antonette Baumbach', 'nader.ludie@example.org', 'e88d05723db9000112191c6583a73582cd374cbb', '', 'Laudantium itaque occaecati voluptatem numquam consequatur modi. Accusantium qui quia qui iure illo voluptas. Sed consequatur aut voluptas aliquam. Voluptatem asperiores ut provident repellendus ut non.', 0, '1986-01-21', '1997-04-24', 'http://lorempixel.com/400/400/', '', 0, 0, 290, 0, 3);
INSERT INTO `User` (`userID`, `username`, `name`, `email`, `password`, `usertype`, `description`, `verified`, birthdate, `registerDate`, `profileImage`, `language`, `isDarkTheme`, `followerNum`, `ratingsNum`, `followingNum`, `bannerImage`) VALUES ('30', 'bernier.archibal', 'Tito Raynor', 'gulgowski.cali@example.net', 'd1cf99916748623ad57cf84aef8237dfac2f3d48', '', 'Illo ut ipsum explicabo neque. Nulla dolor quo quisquam nesciunt incidunt in pariatur. Vel id est inventore numquam illo quasi illum.', 0, '2008-08-06', '1987-10-14', 'http://lorempixel.com/400/400/', '1', 0, 0, 97, 0, 0);
INSERT INTO `User` (`userID`, `username`, `name`, `email`, `password`, `usertype`, `description`, `verified`, birthdate, `registerDate`, `profileImage`, `language`, `isDarkTheme`, `followerNum`, `ratingsNum`, `followingNum`, `bannerImage`) VALUES ('300', 'abigale.weissnat', 'Mr. Mauricio Terry IV', 'anjali58@example.com', 'c6ab4090e4d1c84353fbbe10b7f54e694ef65a4b', '', 'Velit voluptatem consequatur optio voluptatum unde voluptas et. Nihil libero voluptates dolorem ratione earum. Eum repudiandae est fugit aliquid porro adipisci.', 1, '1988-07-31', '1971-10-19', 'http://lorempixel.com/400/400/', '1', 0, 0, 97, 0, 0);
INSERT INTO `User` (`userID`, `username`, `name`, `email`, `password`, `usertype`, `description`, `verified`, birthdate, `registerDate`, `profileImage`, `language`, `isDarkTheme`, `followerNum`, `ratingsNum`, `followingNum`, `bannerImage`) VALUES ('33', 'hauck.johnathan', 'Dale Spinka', 'dbashirian@example.org', 'ffa20cead3f984b0868be83f9bcdec9189ed0551', '', 'Et aliquam perferendis dignissimos repellat repellat aliquam maxime iusto. Atque voluptatibus est saepe tenetur quia praesentium provident. Voluptate laboriosam nemo unde alias voluptate nam laboriosam.', 0, '2009-10-14', '1972-03-18', 'http://lorempixel.com/400/400/', '', 0, 0, 34, 0, 3);
INSERT INTO `User` (`userID`, `username`, `name`, `email`, `password`, `usertype`, `description`, `verified`, birthdate, `registerDate`, `profileImage`, `language`, `isDarkTheme`, `followerNum`, `ratingsNum`, `followingNum`, `bannerImage`) VALUES ('39', 'guiseppe.hessel', 'Mr. Gage Wunsch', 'alejandra15@example.net', 'eb679330b705bd59018baaf0a7a8b37bd6e1380e', '', 'Officia eaque tempora facilis commodi a sint. Ut repudiandae modi corporis voluptas.', 1, '2000-05-30', '1988-11-18', 'http://lorempixel.com/400/400/', '', 0, 0, 69, 0, 6);
INSERT INTO `User` (`userID`, `username`, `name`, `email`, `password`, `usertype`, `description`, `verified`, birthdate, `registerDate`, `profileImage`, `language`, `isDarkTheme`, `followerNum`, `ratingsNum`, `followingNum`, `bannerImage`) VALUES ('4', 'antone56', 'Nedra Strosin', 'adah13@example.org', '1fc3a41f9a9f56a16e127cc8775ac013e4226c3b', '', 'Nostrum quo tenetur quia voluptas dignissimos. Aliquam voluptatem quos et laudantium placeat nihil. Fuga quo sed sit dolorum. Vel sint nemo sunt et nesciunt aut qui omnis.', 1, '1973-06-11', '1983-09-01', 'http://lorempixel.com/400/400/', '1', 0, 0, 231, 0, 6);
INSERT INTO `User` (`userID`, `username`, `name`, `email`, `password`, `usertype`, `description`, `verified`, birthdate, `registerDate`, `profileImage`, `language`, `isDarkTheme`, `followerNum`, `ratingsNum`, `followingNum`, `bannerImage`) VALUES ('43', 'jamie63', 'Hoyt Kuvalis', 'braun.ronny@example.net', '6337135a7c8ef6e5cfc00631af63b05e2c698097', '', 'Totam voluptas vero esse illum. Rem dolorem provident temporibus suscipit sit sit. Autem enim quo sed provident neque autem dolores at.', 1, '2000-05-18', '1970-11-22', 'http://lorempixel.com/400/400/', '1', 0, 0, 110, 0, 2);
INSERT INTO `User` (`userID`, `username`, `name`, `email`, `password`, `usertype`, `description`, `verified`, birthdate, `registerDate`, `profileImage`, `language`, `isDarkTheme`, `followerNum`, `ratingsNum`, `followingNum`, `bannerImage`) VALUES ('48', 'erdman.darian', 'Joanie Casper Sr.', 'howe.jadyn@example.org', '10ec08823544c4905285d4a42856f7fc1965e377', '', 'In possimus tenetur corrupti non. Ab numquam enim blanditiis cupiditate molestiae nesciunt. Est voluptatem non et labore architecto eligendi temporibus. Sed optio ut quod totam ut optio est.', 0, '1985-04-08', '1982-06-09', 'http://lorempixel.com/400/400/', '1', 0, 0, 161, 0, 3);
INSERT INTO `User` (`userID`, `username`, `name`, `email`, `password`, `usertype`, `description`, `verified`, birthdate, `registerDate`, `profileImage`, `language`, `isDarkTheme`, `followerNum`, `ratingsNum`, `followingNum`, `bannerImage`) VALUES ('5', 'wlarkin', 'Pietro Conroy', 'kristopher.heidenreich@example.org', 'ebc016f6c582f878191ef5836bbc97a5b80f205c', '', 'Voluptatem natus dicta minus blanditiis aspernatur voluptatem neque. Reiciendis reiciendis molestiae consectetur ut praesentium. Aspernatur itaque expedita odio laboriosam ad. Et vero magni est facilis laboriosam.', 1, '1972-04-27', '2019-11-16', 'http://lorempixel.com/400/400/', '', 0, 0, 156, 0, 7);
INSERT INTO `User` (`userID`, `username`, `name`, `email`, `password`, `usertype`, `description`, `verified`, birthdate, `registerDate`, `profileImage`, `language`, `isDarkTheme`, `followerNum`, `ratingsNum`, `followingNum`, `bannerImage`) VALUES ('50', 'jskiles', 'June Fadel', 'xgleason@example.com', 'df9aab49430ed96906263af884648407eef82c5c', '', 'Officiis tempore voluptas repellendus quia velit. Omnis voluptatem maxime perspiciatis enim consequuntur. Hic at quibusdam iste voluptas est voluptas illo. Voluptatem beatae quo corporis similique quas at est.', 1, '1975-02-15', '2020-02-10', 'http://lorempixel.com/400/400/', '', 0, 0, 26, 0, 4);
INSERT INTO `User` (`userID`, `username`, `name`, `email`, `password`, `usertype`, `description`, `verified`, birthdate, `registerDate`, `profileImage`, `language`, `isDarkTheme`, `followerNum`, `ratingsNum`, `followingNum`, `bannerImage`) VALUES ('51', 'price.bettye', 'Mrs. Joyce Fay', 'walker.santiago@example.com', '91d9548cedc9379e7fc9fbdb3b0f8b40a0e0f377', '', 'Ea quam voluptatibus consectetur. Eius corporis possimus molestiae dignissimos quaerat voluptas odit. Quas quam et qui magnam aut reiciendis. Voluptas omnis enim porro nesciunt earum et aut.', 1, '1988-09-20', '2020-02-16', 'http://lorempixel.com/400/400/', '1', 0, 0, 40, 0, 4);
INSERT INTO `User` (`userID`, `username`, `name`, `email`, `password`, `usertype`, `description`, `verified`, birthdate, `registerDate`, `profileImage`, `language`, `isDarkTheme`, `followerNum`, `ratingsNum`, `followingNum`, `bannerImage`) VALUES ('55', 'dino76', 'Jett Feeney', 'george94@example.com', '895571c2b33f7e09ed32d17aa08b2ba2d6916197', '', 'Est suscipit rerum accusamus provident vel libero. Qui asperiores praesentium eum modi. Ipsam dicta ratione tempore magnam possimus quo voluptatibus.', 1, '1975-12-17', '1972-01-29', 'http://lorempixel.com/400/400/', '', 0, 0, 188, 0, 1);
INSERT INTO `User` (`userID`, `username`, `name`, `email`, `password`, `usertype`, `description`, `verified`, birthdate, `registerDate`, `profileImage`, `language`, `isDarkTheme`, `followerNum`, `ratingsNum`, `followingNum`, `bannerImage`) VALUES ('58', 'eusebio.becker', 'Mackenzie Rogahn', 'lina.herman@example.com', '19c09bb7477f87bf3ad55adcdb874a909493d36d', '', 'Commodi velit recusandae qui repellat consectetur cum nostrum. Cupiditate ut neque earum voluptatem optio. Provident omnis exercitationem neque accusamus magnam qui soluta.', 0, '1986-05-16', '2016-10-22', 'http://lorempixel.com/400/400/', '1', 0, 0, 175, 0, 0);
INSERT INTO `User` (`userID`, `username`, `name`, `email`, `password`, `usertype`, `description`, `verified`, birthdate, `registerDate`, `profileImage`, `language`, `isDarkTheme`, `followerNum`, `ratingsNum`, `followingNum`, `bannerImage`) VALUES ('69', 'jenifer47', 'Golden Legros', 'wintheiser.gerson@example.org', 'b4ce7134cafbd68c3a20ba75bc4bf5f671026157', '', 'Autem animi fuga autem. Animi quo nesciunt ducimus. Vitae fugiat officia et culpa delectus magni. Culpa quibusdam dolorem eius in officia ducimus esse.', 0, '2008-09-03', '2016-07-11', 'http://lorempixel.com/400/400/', '1', 0, 0, 209, 0, 9);
INSERT INTO `User` (`userID`, `username`, `name`, `email`, `password`, `usertype`, `description`, `verified`, birthdate, `registerDate`, `profileImage`, `language`, `isDarkTheme`, `followerNum`, `ratingsNum`, `followingNum`, `bannerImage`) VALUES ('79', 'dario.treutel', 'Dianna Rippin', 'austin96@example.net', '5d13649e78cd25a440caba343f1b710dba6dea6b', '', 'Placeat incidunt minima odit. Corrupti at fugit omnis accusantium ipsa praesentium. Sit et provident harum eligendi voluptas adipisci excepturi. Ipsam aut alias fugit.', 1, '1973-12-19', '2016-08-28', 'http://lorempixel.com/400/400/', '', 0, 0, 155, 0, 0);
INSERT INTO `User` (`userID`, `username`, `name`, `email`, `password`, `usertype`, `description`, `verified`, birthdate, `registerDate`, `profileImage`, `language`, `isDarkTheme`, `followerNum`, `ratingsNum`, `followingNum`, `bannerImage`) VALUES ('8', 'astoltenberg', 'Ms. Eve O\'Connell', 'dpagac@example.com', 'fee6a70e99a651d36389263c9d0989a8ab74029c', '', 'Qui velit fugit a illum autem. Omnis id hic eveniet rerum. Fugit iste vel qui doloribus voluptatem voluptatem non eos.', 0, '1985-06-10', '2020-07-13', 'http://lorempixel.com/400/400/', '', 0, 0, 148, 0, 6);
INSERT INTO `User` (`userID`, `username`, `name`, `email`, `password`, `usertype`, `description`, `verified`, birthdate, `registerDate`, `profileImage`, `language`, `isDarkTheme`, `followerNum`, `ratingsNum`, `followingNum`, `bannerImage`) VALUES ('82', 'lizzie56', 'Mackenzie Rath', 'hilma.yost@example.org', '42926a12c0866f6d6959c0c07ceda6b57b5df029', '', 'Sit debitis harum deserunt qui maxime aliquid numquam. Est cum corporis sit voluptatem odit odio molestiae. Quia similique suscipit fugiat dolore illo voluptas.', 0, '2021-11-26', '1992-02-09', 'http://lorempixel.com/400/400/', '1', 0, 0, 170, 0, 6);
INSERT INTO `User` (`userID`, `username`, `name`, `email`, `password`, `usertype`, `description`, `verified`, birthdate, `registerDate`, `profileImage`, `language`, `isDarkTheme`, `followerNum`, `ratingsNum`, `followingNum`, `bannerImage`) VALUES ('83', 'mjohnston', 'Dr. Titus Ritchie II', 'igraham@example.com', '9d75848e5ed4ba341d8fe38db6de3b6148127838', '', 'Enim id quibusdam excepturi veritatis corrupti. Quis et vel laudantium et adipisci molestiae. Dolores adipisci iure quo vel. Asperiores et aut totam est cupiditate pariatur placeat officia.', 0, '1996-06-25', '2008-11-25', 'http://lorempixel.com/400/400/', '', 0, 0, 67, 0, 7);
INSERT INTO `User` (`userID`, `username`, `name`, `email`, `password`, `usertype`, `description`, `verified`, birthdate, `registerDate`, `profileImage`, `language`, `isDarkTheme`, `followerNum`, `ratingsNum`, `followingNum`, `bannerImage`) VALUES ('85', 'keeling.polly', 'Mr. Edgar Schaefer I', 'nikki56@example.org', 'e53554f092bbad245e9001d6df554f591c02ca38', '', 'Maiores sequi minima sit ea voluptas quis ut. Eius aspernatur fugiat tempore quasi. Et autem perferendis voluptatem magni vel quod.', 0, '2012-12-24', '1992-10-26', 'http://lorempixel.com/400/400/', '1', 0, 0, 211, 0, 5);
INSERT INTO `User` (`userID`, `username`, `name`, `email`, `password`, `usertype`, `description`, `verified`, birthdate, `registerDate`, `profileImage`, `language`, `isDarkTheme`, `followerNum`, `ratingsNum`, `followingNum`, `bannerImage`) VALUES ('9', 'audreanne99', 'Mr. Lonnie Hayes', 'shields.brock@example.org', '362e626ca607cc58da592985f9cbd6debb6df450', '', 'Tempore nesciunt vel praesentium voluptas consectetur. Fugiat amet earum voluptatem quam deleniti eum qui. Deleniti iste dolore nihil soluta sit in. Maxime quia ut repellendus dolor nisi quasi possimus.', 1, '1972-07-19', '1970-02-21', 'http://lorempixel.com/400/400/', '1', 0, 0, 274, 0, 3);
INSERT INTO `User` (`userID`, `username`, `name`, `email`, `password`, `usertype`, `description`, `verified`, birthdate, `registerDate`, `profileImage`, `language`, `isDarkTheme`, `followerNum`, `ratingsNum`, `followingNum`, `bannerImage`) VALUES ('96', 'schinner.mabelle', 'Dr. Everette Bahringer Sr.', 'ereichert@example.com', 'a0315f99b57275a936f3849af9dec7c7d43648fc', '', 'Ratione pariatur dolorem vitae. Labore sapiente laborum deleniti modi tempore. Iure dolores et deleniti porro assumenda repellendus nemo. Est rerum consequuntur qui voluptatem.', 1, '1994-04-05', '1981-05-18', 'http://lorempixel.com/400/400/', '', 0, 0, 136, 0, 8);
INSERT INTO `User` (`userID`, `username`, `name`, `email`, `password`, `usertype`, `description`, `verified`, birthdate, `registerDate`, `profileImage`, `language`, `isDarkTheme`, `followerNum`, `ratingsNum`, `followingNum`, `bannerImage`) VALUES ('97', 'ernser.lionel', 'Kendall Kreiger', 'imelda.roob@example.org', 'e5a8145716c8620b07ebba8d45f85c015df77015', '', 'Eos consequatur explicabo voluptatum officiis sit voluptas. Eos nesciunt pariatur commodi quaerat cum minus. Ea est omnis ipsam quia sunt.', 1, '2007-11-17', '1980-12-14', 'http://lorempixel.com/400/400/', '', 0, 0, 81, 0, 8);


#
# TABLE STRUCTURE FOR: Vote
#

INSERT INTO `Vote` (`userID`, `ratingID`, `timestamp`) VALUES ('', '100', '1970-01-15');
INSERT INTO `Vote` (`userID`, `ratingID`, `timestamp`) VALUES ('10', '101', '2009-05-08');
INSERT INTO `Vote` (`userID`, `ratingID`, `timestamp`) VALUES ('100', '103', '2011-09-25');
INSERT INTO `Vote` (`userID`, `ratingID`, `timestamp`) VALUES ('103', '104', '1996-06-03');
INSERT INTO `Vote` (`userID`, `ratingID`, `timestamp`) VALUES ('106', '111', '2019-12-09');
INSERT INTO `Vote` (`userID`, `ratingID`, `timestamp`) VALUES ('108', '113', '1974-06-11');
INSERT INTO `Vote` (`userID`, `ratingID`, `timestamp`) VALUES ('113', '115', '2012-12-24');
INSERT INTO `Vote` (`userID`, `ratingID`, `timestamp`) VALUES ('114', '116', '2004-11-21');
INSERT INTO `Vote` (`userID`, `ratingID`, `timestamp`) VALUES ('117', '122', '1979-05-25');
INSERT INTO `Vote` (`userID`, `ratingID`, `timestamp`) VALUES ('118', '124', '2009-04-07');
INSERT INTO `Vote` (`userID`, `ratingID`, `timestamp`) VALUES ('12', '125', '1990-08-02');
INSERT INTO `Vote` (`userID`, `ratingID`, `timestamp`) VALUES ('120', '129', '1995-06-14');
INSERT INTO `Vote` (`userID`, `ratingID`, `timestamp`) VALUES ('122', '132', '2002-05-10');
INSERT INTO `Vote` (`userID`, `ratingID`, `timestamp`) VALUES ('127', '137', '1995-11-16');
INSERT INTO `Vote` (`userID`, `ratingID`, `timestamp`) VALUES ('128', '139', '2018-10-23');
INSERT INTO `Vote` (`userID`, `ratingID`, `timestamp`) VALUES ('13', '14', '2003-08-12');
INSERT INTO `Vote` (`userID`, `ratingID`, `timestamp`) VALUES ('132', '142', '1995-12-18');
INSERT INTO `Vote` (`userID`, `ratingID`, `timestamp`) VALUES ('135', '146', '2003-04-23');
INSERT INTO `Vote` (`userID`, `ratingID`, `timestamp`) VALUES ('136', '147', '1996-03-03');
INSERT INTO `Vote` (`userID`, `ratingID`, `timestamp`) VALUES ('141', '149', '1999-05-27');
INSERT INTO `Vote` (`userID`, `ratingID`, `timestamp`) VALUES ('142', '152', '2001-11-29');
INSERT INTO `Vote` (`userID`, `ratingID`, `timestamp`) VALUES ('147', '158', '2013-06-10');
INSERT INTO `Vote` (`userID`, `ratingID`, `timestamp`) VALUES ('15', '165', '2003-06-26');
INSERT INTO `Vote` (`userID`, `ratingID`, `timestamp`) VALUES ('158', '169', '1982-04-29');
INSERT INTO `Vote` (`userID`, `ratingID`, `timestamp`) VALUES ('160', '171', '1979-06-05');
INSERT INTO `Vote` (`userID`, `ratingID`, `timestamp`) VALUES ('168', '176', '1972-08-02');
INSERT INTO `Vote` (`userID`, `ratingID`, `timestamp`) VALUES ('17', '177', '2020-05-17');
INSERT INTO `Vote` (`userID`, `ratingID`, `timestamp`) VALUES ('173', '180', '1999-07-08');
INSERT INTO `Vote` (`userID`, `ratingID`, `timestamp`) VALUES ('174', '184', '2015-08-24');
INSERT INTO `Vote` (`userID`, `ratingID`, `timestamp`) VALUES ('175', '185', '1983-01-02');
INSERT INTO `Vote` (`userID`, `ratingID`, `timestamp`) VALUES ('179', '186', '1979-03-07');
INSERT INTO `Vote` (`userID`, `ratingID`, `timestamp`) VALUES ('184', '190', '1994-10-22');
INSERT INTO `Vote` (`userID`, `ratingID`, `timestamp`) VALUES ('186', '195', '1986-03-02');
INSERT INTO `Vote` (`userID`, `ratingID`, `timestamp`) VALUES ('189', '199', '1974-05-15');
INSERT INTO `Vote` (`userID`, `ratingID`, `timestamp`) VALUES ('190', '200', '1980-06-17');
INSERT INTO `Vote` (`userID`, `ratingID`, `timestamp`) VALUES ('192', '201', '2005-06-07');
INSERT INTO `Vote` (`userID`, `ratingID`, `timestamp`) VALUES ('193', '213', '1995-03-23');
INSERT INTO `Vote` (`userID`, `ratingID`, `timestamp`) VALUES ('198', '215', '1996-09-21');
INSERT INTO `Vote` (`userID`, `ratingID`, `timestamp`) VALUES ('20', '217', '2007-12-17');
INSERT INTO `Vote` (`userID`, `ratingID`, `timestamp`) VALUES ('201', '218', '1972-04-08');
INSERT INTO `Vote` (`userID`, `ratingID`, `timestamp`) VALUES ('202', '223', '1975-06-19');
INSERT INTO `Vote` (`userID`, `ratingID`, `timestamp`) VALUES ('206', '226', '1991-01-01');
INSERT INTO `Vote` (`userID`, `ratingID`, `timestamp`) VALUES ('207', '242', '2011-01-03');
INSERT INTO `Vote` (`userID`, `ratingID`, `timestamp`) VALUES ('208', '246', '2011-10-13');
INSERT INTO `Vote` (`userID`, `ratingID`, `timestamp`) VALUES ('210', '249', '1996-06-20');
INSERT INTO `Vote` (`userID`, `ratingID`, `timestamp`) VALUES ('211', '266', '1982-08-16');
INSERT INTO `Vote` (`userID`, `ratingID`, `timestamp`) VALUES ('217', '269', '1992-11-02');
INSERT INTO `Vote` (`userID`, `ratingID`, `timestamp`) VALUES ('219', '271', '1995-04-11');
INSERT INTO `Vote` (`userID`, `ratingID`, `timestamp`) VALUES ('221', '274', '1987-08-23');
INSERT INTO `Vote` (`userID`, `ratingID`, `timestamp`) VALUES ('222', '275', '2001-01-20');
INSERT INTO `Vote` (`userID`, `ratingID`, `timestamp`) VALUES ('223', '276', '2009-02-01');
INSERT INTO `Vote` (`userID`, `ratingID`, `timestamp`) VALUES ('227', '277', '1977-06-03');
INSERT INTO `Vote` (`userID`, `ratingID`, `timestamp`) VALUES ('230', '278', '2021-01-20');
INSERT INTO `Vote` (`userID`, `ratingID`, `timestamp`) VALUES ('235', '291', '1984-09-11');
INSERT INTO `Vote` (`userID`, `ratingID`, `timestamp`) VALUES ('236', '292', '1995-10-06');
INSERT INTO `Vote` (`userID`, `ratingID`, `timestamp`) VALUES ('237', '296', '2021-03-10');
INSERT INTO `Vote` (`userID`, `ratingID`, `timestamp`) VALUES ('24', '301', '1988-11-04');
INSERT INTO `Vote` (`userID`, `ratingID`, `timestamp`) VALUES ('240', '302', '2001-10-19');
INSERT INTO `Vote` (`userID`, `ratingID`, `timestamp`) VALUES ('241', '304', '2000-06-18');
INSERT INTO `Vote` (`userID`, `ratingID`, `timestamp`) VALUES ('246', '310', '1998-11-17');
INSERT INTO `Vote` (`userID`, `ratingID`, `timestamp`) VALUES ('256', '313', '1990-03-29');
INSERT INTO `Vote` (`userID`, `ratingID`, `timestamp`) VALUES ('259', '316', '1994-11-15');
INSERT INTO `Vote` (`userID`, `ratingID`, `timestamp`) VALUES ('26', '319', '2016-05-30');
INSERT INTO `Vote` (`userID`, `ratingID`, `timestamp`) VALUES ('263', '325', '1991-04-04');
INSERT INTO `Vote` (`userID`, `ratingID`, `timestamp`) VALUES ('264', '333', '1986-08-12');
INSERT INTO `Vote` (`userID`, `ratingID`, `timestamp`) VALUES ('265', '34', '1983-05-28');
INSERT INTO `Vote` (`userID`, `ratingID`, `timestamp`) VALUES ('267', '341', '2017-10-08');
INSERT INTO `Vote` (`userID`, `ratingID`, `timestamp`) VALUES ('271', '343', '2014-09-05');
INSERT INTO `Vote` (`userID`, `ratingID`, `timestamp`) VALUES ('274', '347', '2002-12-30');
INSERT INTO `Vote` (`userID`, `ratingID`, `timestamp`) VALUES ('277', '349', '1985-02-10');
INSERT INTO `Vote` (`userID`, `ratingID`, `timestamp`) VALUES ('278', '355', '1975-01-17');
INSERT INTO `Vote` (`userID`, `ratingID`, `timestamp`) VALUES ('279', '358', '2020-04-14');
INSERT INTO `Vote` (`userID`, `ratingID`, `timestamp`) VALUES ('281', '359', '2015-10-01');
INSERT INTO `Vote` (`userID`, `ratingID`, `timestamp`) VALUES ('284', '361', '1994-07-31');
INSERT INTO `Vote` (`userID`, `ratingID`, `timestamp`) VALUES ('285', '371', '2005-10-08');
INSERT INTO `Vote` (`userID`, `ratingID`, `timestamp`) VALUES ('293', '373', '1983-03-29');
INSERT INTO `Vote` (`userID`, `ratingID`, `timestamp`) VALUES ('294', '375', '1993-03-07');
INSERT INTO `Vote` (`userID`, `ratingID`, `timestamp`) VALUES ('296', '38', '2003-05-11');
INSERT INTO `Vote` (`userID`, `ratingID`, `timestamp`) VALUES ('299', '380', '1995-06-13');
INSERT INTO `Vote` (`userID`, `ratingID`, `timestamp`) VALUES ('30', '381', '2021-11-01');
INSERT INTO `Vote` (`userID`, `ratingID`, `timestamp`) VALUES ('300', '383', '1988-12-13');
INSERT INTO `Vote` (`userID`, `ratingID`, `timestamp`) VALUES ('33', '388', '1977-01-29');
INSERT INTO `Vote` (`userID`, `ratingID`, `timestamp`) VALUES ('39', '390', '1987-06-21');
INSERT INTO `Vote` (`userID`, `ratingID`, `timestamp`) VALUES ('4', '393', '2002-06-12');
INSERT INTO `Vote` (`userID`, `ratingID`, `timestamp`) VALUES ('43', '399', '1985-05-23');
INSERT INTO `Vote` (`userID`, `ratingID`, `timestamp`) VALUES ('48', '400', '1971-09-26');
INSERT INTO `Vote` (`userID`, `ratingID`, `timestamp`) VALUES ('5', '49', '2007-12-05');
INSERT INTO `Vote` (`userID`, `ratingID`, `timestamp`) VALUES ('50', '51', '2016-07-06');
INSERT INTO `Vote` (`userID`, `ratingID`, `timestamp`) VALUES ('51', '53', '1993-02-24');
INSERT INTO `Vote` (`userID`, `ratingID`, `timestamp`) VALUES ('55', '55', '1970-11-15');
INSERT INTO `Vote` (`userID`, `ratingID`, `timestamp`) VALUES ('58', '58', '1989-06-09');
INSERT INTO `Vote` (`userID`, `ratingID`, `timestamp`) VALUES ('69', '59', '1995-03-14');
INSERT INTO `Vote` (`userID`, `ratingID`, `timestamp`) VALUES ('79', '61', '2014-05-25');
INSERT INTO `Vote` (`userID`, `ratingID`, `timestamp`) VALUES ('8', '73', '1983-03-04');
INSERT INTO `Vote` (`userID`, `ratingID`, `timestamp`) VALUES ('82', '78', '2012-02-11');
INSERT INTO `Vote` (`userID`, `ratingID`, `timestamp`) VALUES ('83', '82', '2005-07-12');
INSERT INTO `Vote` (`userID`, `ratingID`, `timestamp`) VALUES ('85', '85', '1979-03-28');
INSERT INTO `Vote` (`userID`, `ratingID`, `timestamp`) VALUES ('9', '86', '1971-05-03');
INSERT INTO `Vote` (`userID`, `ratingID`, `timestamp`) VALUES ('96', '96', '1998-08-10');
INSERT INTO `Vote` (`userID`, `ratingID`, `timestamp`) VALUES ('97', '97', '2018-09-15');


